"('Roman V. Yampolskiy', 13)"
"('Qinghua Lu', 13)"
"('Jon Whittle', 12)"
"('Liming Zhu', 11)"
"('Abhishek Gupta', 10)"
"('Xiwei Xu', 10)"
"('Kai-Kristian Kemell', 9)"
"('Ville Vakkuri', 9)"
"('Q. Vera Liao', 9)"
"('Lance Eliot', 7)"
"('Pekka Abrahamsson', 7)"
"('Subbarao Kambhampati', 7)"
"('Thilo Hagendorff', 6)"
"('Gagan Bansal', 6)"
"('Allan Dafoe', 6)"
"('Niklas Kühl', 6)"
"('Michael Vössing', 6)"
"('Michael Muller', 6)"
"('Jonas Schuett', 6)"
"('Iason Gabriel', 5)"
"('Dylan Hadfield-Menell', 5)"
"('Gopal P. Sarma', 5)"
"('Roman Yampolskiy', 5)"
"('Daniel S. Weld', 5)"
"('Markus Anderljung', 5)"
"('Zhenchang Xing', 5)"
"('Besmira Nushi', 5)"
"('Patrick Hemmer', 5)"
"('Max Schemmer', 5)"
"('Gerhard Satzger', 5)"
"('Agi Kurucz', 5)"
"('Erika Halme', 4)"
"('Marianna Jantunen', 4)"
"('Sarath Sreedharan', 4)"
"('Nadisha-Marie Aliman', 4)"
"('Leon Kester', 4)"
"('Koen Holtman', 4)"
"('Nick J. Hay', 4)"
"('Camylle Lanteigne', 4)"
"('Francesco Sovrano', 4)"
"('Conrad Sanderson', 4)"
"('Jess Whittlestone', 4)"
"('Wei Xu', 4)"
"('Upol Ehsan', 4)"
"('Safinah Ali', 4)"
"('Connor Wright', 4)"
"('Marianna Bergamaschi Ganapini', 4)"
"('Renjie Butalid', 4)"
"('Masa Sweidan', 4)"
"('Ece Kamar', 4)"
"('Eric Horvitz', 4)"
"('Kenneth Holstein', 4)"
"('Tianming Liu', 4)"
"('Michaela Benk', 3)"
"('Kush R. Varshney', 3)"
"('Jani Antikainen', 3)"
"('Mamia Agbese', 3)"
"('Hanna-Kaisa Alanen', 3)"
"('Rebekah Rousi', 3)"
"('Stuart Armstrong', 3)"
"('Lionel Nganyewou Tidjon', 3)"
"('Foutse Khomh', 3)"
"('James D. Miller', 3)"
"('Nardine Osman', 3)"
"('Tae Wan Kim', 3)"
"('Thomas Donaldson', 3)"
"('John Hooker', 3)"
"('Virginia Dignum', 3)"
"('Bao-quan Ai', 3)"
"('Xuemin', 3)"
"('Shen', 3)"
"('Fabio Vitali', 3)"
"('Mark Riedl', 3)"
"('Irina Rish', 3)"
"('Didar Zowghi', 3)"
"('Nicholas Kluge Corrêa', 3)"
"('David Douglas', 3)"
"('Tom Everitt', 3)"
"('Stuart Russell', 3)"
"('Dan Hendrycks', 3)"
"('Arif Ali Khan', 3)"
"('Chunyi Li', 3)"
"('Zicheng Zhang', 3)"
"('Wei Sun', 3)"
"('Xiongkuo Min', 3)"
"('Xiaohong Liu', 3)"
"('Guangtao Zhai', 3)"
"('Mohit Bansal', 3)"
"('Devi Parikh', 3)"
"('Miguel Luengo-Oroz', 3)"
"('Julian Togelius', 3)"
"('Dakuo Wang', 3)"
"('Ben Garfinkel', 3)"
"('Jack Clark', 3)"
"('Lu Zhang', 3)"
"('Xin Li', 3)"
"('Lei Ma', 3)"
"('Cecilia Ka Yuk Chan', 3)"
"('Cynthia Breazeal', 3)"
"('James Zou', 3)"
"('Victoria Heath', 3)"
"('Yunfeng Zhang', 3)"
"('Lei Wang', 3)"
"('Jianfeng Zhan', 3)"
"('Petra Heck', 3)"
"('Nick Obradovich', 3)"
"('Wei Wang', 3)"
"('Huan Liu', 3)"
"('Baobao Zhang', 3)"
"('Noemi Dreksler', 3)"
"('Lauren Kahn', 3)"
"('Michael C. Horowitz', 3)"
"('David Piorkowski', 3)"
"('Silverio Martínez-Fernández', 3)"
"('Xavier Franch', 3)"
"('Andrew W. Torrance', 3)"
"('Bill Tomlinson', 3)"
"('Juliana Jansen Ferreira', 3)"
"('Chinasa T. Okolo', 3)"
"('Mark O. Riedl', 3)"
"('Jennifer Wortman Vaughan', 3)"
"('Ryan Watkins', 3)"
"('Vahid Behzadan', 3)"
"('Amit Sheth', 3)"
"('Dajiang Zhu', 3)"
"('Vicente Bitrián', 3)"
"('Joaquim Trullàs', 3)"
"('Alexey Potapov', 3)"
"('Sergey Rodionov', 3)"
"('Stanislav Kikot', 3)"
"('Michael Zakharyaschev', 3)"
"('Michael Timothy Bennett', 3)"
"('Ben Goertzel', 3)"
"('Anton Korinek', 2)"
"('Avital Balwit', 2)"
"('Amnon Shashua', 2)"
"('Peter Vamplew', 2)"
"('Evan Hubinger', 2)"
"('Andrea Ferrario', 2)"
"('Travis LaCroix', 2)"
"('Hannakaisa Isomäki', 2)"
"('Heidi Vainio-Pekka', 2)"
"('Xingqin Lin', 2)"
"('Francisco C. Santos', 2)"
"('Jakob Schoeffer', 2)"
"('Niklas Kuehl', 2)"
"('Adam Safron', 2)"
"('Tom Williams', 2)"
"('Frans A. Oliehoek', 2)"
"('Julius Schöning', 2)"
"(""Mark d'Inverno"", 2)"
"('Daniel Estrada', 2)"
"('Mario Brcic', 2)"
"('J. G. Wolff', 2)"
"('John J. Nay', 2)"
"('Yutong Lu', 2)"
"('Jakob Mokander', 2)"
"('Luciano Floridi', 2)"
"('Sven Koenig', 2)"
"('Inioluwa Deborah Raji', 2)"
"('Carles Sierra', 2)"
"('Kristen W. Carlson', 2)"
"('Shakir Mohamed', 2)"
"('I. Elizabeth Kumar', 2)"
"('Han Yu', 2)"
"('Chunyan Miao', 2)"
"('Cyril Leung', 2)"
"('Ruibo Liu', 2)"
"('Denny Zhou', 2)"
"('Andrew M. Dai', 2)"
"('Soroush Vosoughi', 2)"
"('Brent Harrison', 2)"
"('Alexis Roger', 2)"
"('Aniruddha Kembhavi', 2)"
"('Jordi Salvador', 2)"
"('Luca Weihs', 2)"
"('Mark Yatskar', 2)"
"('Stefan Hajkowicz', 2)"
"('Bolei Zhou', 2)"
"('Geoffrey Irving', 2)"
"('Rohin Shah', 2)"
"('Anca Dragan', 2)"
"('Zhou Yu', 2)"
"('Rachel Freedman', 2)"
"('Babak Saboury', 2)"
"('Arman Rahmim', 2)"
"('Ramana Kumar', 2)"
"('Mary Phuong', 2)"
"('Victoria Krakovna', 2)"
"('Krishna Ronanki', 2)"
"('Beatriz Cabrero-Daniel', 2)"
"('Christian Berger', 2)"
"(""Xiang 'Anthony' Chen"", 2)"
"('Paul Christiano', 2)"
"('Nythamar de Oliveira', 2)"
"('Reid McIlroy-Young', 2)"
"('Siddhartha Sen', 2)"
"('Jon Kleinberg', 2)"
"('Ashton Anderson', 2)"
"('Homanga Bharadhwaj', 2)"
"('Chaowei Xiao', 2)"
"('Anima Anandkumar', 2)"
"('Haoning Wu', 2)"
"('Weisi Lin', 2)"
"('J Gerard Wolff', 2)"
"('Tao Li', 2)"
"('John P. Dickerson', 2)"
"('Brent Mittelstadt', 2)"
"('Yao Zhao', 2)"
"('Lok Chan', 2)"
"('Kenzie Doyle', 2)"
"('Walter Sinnott-Armstrong', 2)"
"('Vincent Conitzer', 2)"
"('Jana Schaich Borg', 2)"
"('Arjun Chandrasekaran', 2)"
"('Dhruv Batra', 2)"
"('Tiago Machado', 2)"
"('Shane T. Mueller', 2)"
"('Jiebo Luo', 2)"
"('Toby Shevlane', 2)"
"('Divya Siddarth', 2)"
"('Shahar Avin', 2)"
"('Bart Selman', 2)"
"('Natalia Díaz-Rodríguez', 2)"
"('Francisco Herrera', 2)"
"('Kaibin Huang', 2)"
"('Nancy F. Chen', 2)"
"('Ai Ti Aw', 2)"
"('Jennifer Villareale', 2)"
"('Jichen Zhu', 2)"
"('Peter Eckersley', 2)"
"('Allison Woodruff', 2)"
"('Christopher Moessner', 2)"
"('Fernanda Viegas', 2)"
"('Martin Wattenberg', 2)"
"('Patrick Gage Kelley', 2)"
"('Alan Chan', 2)"
"('Roberto Gozalo-Brizuela', 2)"
"('Eduardo C. Garrido-Merchán', 2)"
"('Jun Li', 2)"
"('Wei Liu', 2)"
"('Lydia Manikonda', 2)"
"('Johannes Schneider', 2)"
"('Sebastian Risi', 2)"
"('Harsha Perera', 2)"
"('Boming Xia', 2)"
"('Yue Liu', 2)"
"('Ricardo Vinuesa', 2)"
"('Pradyumna Tambwekar', 2)"
"('Marc Erich Latoschik', 2)"
"('Carolin Wienrich', 2)"
"('Zhijie Wang', 2)"
"('Larry Chan', 2)"
"('Xiao Yang', 2)"
"('Pei-fang Wu', 2)"
"('Wei-chen Guo', 2)"
"('Liang He', 2)"
"('Andreas Theodorou', 2)"
"('Hui Wang', 2)"
"('David Krueger', 2)"
"('Zahra Zahedi', 2)"
"('James Brusseau', 2)"
"('Mingming Fan', 2)"
"('Jeba Rezwana', 2)"
"('Mary Lou Maher', 2)"
"('Jason I. Hong', 2)"
"('Qing Huang', 2)"
"('Yu Cheng', 2)"
"('Kailas Vodrahalli', 2)"
"('Tobias Gerstenberg', 2)"
"('Luís Cruz', 2)"
"('Alexandrine Royer', 2)"
"('Allison Cohen', 2)"
"('Muriam Fancy', 2)"
"('Mo Akif', 2)"
"('Rajagopal. A', 2)"
"('Nirmala. V', 2)"
"('Ross Gruetzemacher', 2)"
"('Tongshuang Wu', 2)"
"('Raymond Fok', 2)"
"('Haiyi Zhu', 2)"
"('Shuai Ma', 2)"
"('Chengbo Zheng', 2)"
"('Chuhan Shi', 2)"
"('Xiaojuan Ma', 2)"
"('Aviv Ovadya', 2)"
"('John Piorkowski', 2)"
"('Liezhong Ge', 2)"
"('Zaifeng Gao', 2)"
"('Xuli Tang', 2)"
"('Ying Ding', 2)"
"('Shreya Chappidi', 2)"
"('Kori Inkpen', 2)"
"('Miles Brundage', 2)"
"('Zihan Jiang', 2)"
"('Wanling Gao', 2)"
"('Fei Tang', 2)"
"('Xingwang Xiong', 2)"
"('Chuanxin Lan', 2)"
"('Chunjie Luo', 2)"
"('Hongxiao Li', 2)"
"('Jan S. Rellermeyer', 2)"
"('Conghao Zhou', 2)"
"('Mushu Li', 2)"
"('Weihua Zhuang', 2)"
"('Richard G. Freedman', 2)"
"('Ziv Epstein', 2)"
"('Matthew Groh', 2)"
"('Iyad Rahwan', 2)"
"('Jingren Zhou', 2)"
"('Lu Cheng', 2)"
"('Chakkrit Tantithamthavorn', 2)"
"('Dongsheng Li', 2)"
"('Jiayang Song', 2)"
"('Ruotong Wang', 2)"
"('Ruijia Cheng', 2)"
"('Denae Ford', 2)"
"('Thomas Zimmermann', 2)"
"('Jonas Tallberg', 2)"
"('Magnus Lundgren', 2)"
"('Johannes Geith', 2)"
"('Claudius Gros', 2)"
"('Ismail Ben Ayed', 2)"
"('Xia Chen', 2)"
"('Pan Hui', 2)"
"('Longhui Wei', 2)"
"('Lingxi Xie', 2)"
"('Qi Tian', 2)"
"('Thomas P Quinn', 2)"
"('Wei Hu', 2)"
"('Sven Koehler', 2)"
"('Sandy Engelhardt', 2)"
"('Francisco S. Melo', 2)"
"('Ji-Rong Wen', 2)"
"('Stephanie Houde', 2)"
"('John Richards', 2)"
"('Gabriel Lima', 2)"
"('Meeyoung Cha', 2)"
"('He Wen', 2)"
"('Angela Daly', 2)"
"('Monique Mann', 2)"
"('Marc Oriol', 2)"
"('Adam Trendowicz', 2)"
"('Owain Evans', 2)"
"('Yili Hong', 2)"
"('Jiayi Lian', 2)"
"('Xinwei Deng', 2)"
"('Muhammad Azeem Akbar', 2)"
"('Peng Liang', 2)"
"('Muhammad Waseem', 2)"
"('Mahmood Niazi', 2)"
"('Tim Johnson', 2)"
"('Thomas Woodside', 2)"
"('Richard Benjamins', 2)"
"('Michael Felderer', 2)"
"('Gerard Schouten', 2)"
"('Peter Cihon', 2)"
"('Charlotte Stix', 2)"
"('Arjun Subramonian', 2)"
"('Samir Passi', 2)"
"('Hariharan Subramonyam', 2)"
"('David James Woo', 2)"
"('Kai Guo', 2)"
"('Hengky Susanto', 2)"
"('Carol J. Smith', 2)"
"('Finale Doshi-Velez', 2)"
"('Mateus Monteiro', 2)"
"('Jiajia Guo', 2)"
"('Shi Jin', 2)"
"('Xiao Li', 2)"
"('Meredith Ringel Morris', 2)"
"('Rasha Alahmad', 2)"
"('Jessica Van Brummelen', 2)"
"('Phoebe Lin', 2)"
"('Vince I. Madai', 2)"
"('Elizabeth Anne Watkins', 2)"
"('Soheil Human', 2)"
"('Justin D. Weisz', 2)"
"('Shaoshan Liu', 2)"
"('Peter Huggins', 2)"
"('Arslan Munir', 2)"
"('Johannes Jakubik', 2)"
"('Drew Hemment', 2)"
"('Dave Murray-Rust', 2)"
"('Vaishak Belle', 2)"
"('Matjaz Vidmar', 2)"
"('Manas Gaur', 2)"
"('Kaushik Roy', 2)"
"('Thomas Krendl Gilbert', 2)"
"('Lior Pachter', 2)"
"('Yang Feng', 2)"
"('Anaelia Ovalle', 2)"
"('Kai-Wei Chang', 2)"
"('Laura Freeman', 2)"
"('Olivia Brown', 2)"
"('Justin Goodwin', 2)"
"('Nikolas Martelaro', 2)"
"('Xiaoming Zhai', 2)"
"('Rebecca W. Black', 2)"
"('Samuel Allen Alexander', 2)"
"('Lin Zhao', 2)"
"('Zihao Wu', 2)"
"('Haixing Dai', 2)"
"('Zhengliang Liu', 2)"
"('Xiang Li', 2)"
"('Dinggang Shen', 2)"
"('Marcus Hutter', 2)"
"('Gengchen Mai', 2)"
"('Ninghao Liu', 2)"
"('Guoyu Lu', 2)"
"('Sheng Li', 2)"
"('Changying Li', 2)"
"('Xin Gao', 2)"
"('Eray Özkural', 2)"
"('Anton Kolonin', 2)"
"('Jaime Llorca', 2)"
"('Antonia M. Tulino', 2)"
"('Andreas F. Molisch', 2)"
"('Shai Shalev-Shwartz', 1)"
"('Shaked Shammah', 1)"
"('Pei-Yu Chen', 1)"
"('Myrthe L. Tielman', 1)"
"('Dirk K. J. Heylen', 1)"
"('Catholijn M. Jonker', 1)"
"('M. Birna van Riemsdijk', 1)"
"('Matti Mäntymäki', 1)"
"('Matti Minkkinen', 1)"
"('Teemu Birkstedt', 1)"
"('Mika Viljanen', 1)"
"('Catalin Mitelut', 1)"
"('Ben Smith', 1)"
"('John Nay', 1)"
"('James Daily', 1)"
"('Shubao Zhang', 1)"
"('Vafa Ghazavi', 1)"
"('Gillian Hadfield', 1)"
"('Suzanne Tolmeijer', 1)"
"('Florian von Wangenheim', 1)"
"('Betty Li Hou', 1)"
"('Brian Patrick Green', 1)"
"('Willem van der Maden', 1)"
"('Derek Lomas', 1)"
"('Paul Hekkert', 1)"
"('Baihan Lin', 1)"
"('Djallel Bouneffouf', 1)"
"('Guillermo Cecchi', 1)"
"('Sarah Fabi', 1)"
"('Rebecca Gorman', 1)"
"('Yoon Kyung Lee', 1)"
"('Yong-Ha Park', 1)"
"('Sowon Hahn', 1)"
"('Pedro Fernandes', 1)"
"('Manuel Lopes', 1)"
"('Anthony Aguirre', 1)"
"('Gaia Dempsey', 1)"
"('Harry Surden', 1)"
"('Peter B. Reiner', 1)"
"('Malek Mechergui', 1)"
"('Alexandra Sasha Luccioni', 1)"
"('Maria De-Arteaga', 1)"
"('Na Zhang', 1)"
"('Kun Yue', 1)"
"('Chao Fang', 1)"
"('Jan H. Kirchner', 1)"
"('Logan Smith', 1)"
"('Jacques Thibodeau', 1)"
"('Kyle McDonell', 1)"
"('Laria Reynolds', 1)"
"('Lambert Hogenhout', 1)"
"('Ruchen Wen', 1)"
"('Raphael Koster', 1)"
"('Jan Balaguer', 1)"
"('Andrea Tacchetti', 1)"
"('Ari Weinstein', 1)"
"('Tina Zhu', 1)"
"('Oliver Hauser', 1)"
"('Duncan Williams', 1)"
"('Lucy Campbell-Gillingham', 1)"
"('Phoebe Thacker', 1)"
"('Matthew Botvinick', 1)"
"('Christopher Summerfield', 1)"
"('Olle Haggstrom', 1)"
"('Naman Shah', 1)"
"('Pulkit Verma', 1)"
"('Trevor Angle', 1)"
"('Siddharth Srivastava', 1)"
"('Dian Tjondronegoro', 1)"
"('Elizabeth Yuwono', 1)"
"('Brent Richards', 1)"
"('Damian Green', 1)"
"('Siiri Hatakka', 1)"
"('Mustafa Mert Çelikok', 1)"
"('Samuel Kaski', 1)"
"('Adrian Riechmann', 1)"
"('Hans-Jürgen Pfisterer', 1)"
"('Lopamudra Kundu', 1)"
"('Chris Dick', 1)"
"('Soma Velayutham', 1)"
"('Stephen McAleese', 1)"
"('Balint Gyevnar', 1)"
"('Nick Ferguson', 1)"
"('Burkhard Schafer', 1)"
"('Elizabeth Bondi', 1)"
"('Lily Xu', 1)"
"('Diana Acosta-Navas', 1)"
"('Jackson A. Killian', 1)"
"('Giulio Masetti', 1)"
"('Lee Sharkey', 1)"
"('Zhiqing Sun', 1)"
"('Yikang Shen', 1)"
"('Qinhong Zhou', 1)"
"('Hongxin Zhang', 1)"
"('Zhenfang Chen', 1)"
"('David Cox', 1)"
"('Yiming Yang', 1)"
"('Chuang Gan', 1)"
"('Vincent J. Straub', 1)"
"('Deborah Morgan', 1)"
"('Jonathan Bright', 1)"
"('Helen Margetts', 1)"
"('Mislav Juric', 1)"
"('Agneza Sandic', 1)"
"('Kathrin Blagec', 1)"
"('Jakob Kraiger', 1)"
"('Wolfgang Frühwirt', 1)"
"('Matthias Samwald', 1)"
"('Kyle A. Kilian', 1)"
"('Christopher J. Ventura', 1)"
"('Mark M. Bailey', 1)"
"('Isabelle Hupont', 1)"
"('David Fernández-Llorca', 1)"
"('Sandra Baldassarri', 1)"
"('Emilia Gómez', 1)"
"('Rafał Muszyński', 1)"
"('Jun Wang', 1)"
"('Yitzhak Spielberg', 1)"
"('Amos Azaria', 1)"
"('Yupan Huang', 1)"
"('Tengchao Lv', 1)"
"('Lei Cui', 1)"
"('Furu Wei', 1)"
"('Alexander Matt Turner', 1)"
"('Thomas Y. Chen', 1)"
"('Ekaterina Nikonova', 1)"
"('Cheng Xue', 1)"
"('Vimukthini Pinto', 1)"
"('Chathura Gamage', 1)"
"('Peng Zhang', 1)"
"('Jochen Renz', 1)"
"('John Dickerson', 1)"
"('Bistra Dilkina', 1)"
"('Yu Ding', 1)"
"('Swati Gupta', 1)"
"('Pascal Van Hentenryck', 1)"
"('Ramayya Krishnan', 1)"
"('Radhika Kulkarni', 1)"
"('Catherine Gill', 1)"
"('Haley Griffin', 1)"
"('Maddy Hunter', 1)"
"('Ann Schwartz', 1)"
"('Vivian Lai', 1)"
"('Yiming Zhang', 1)"
"('Chacha Chen', 1)"
"('Chenhao Tan', 1)"
"('Zhi-gang Shao', 1)"
"('Wei-rong Zhong', 1)"
"('Jee Young Kim', 1)"
"('William Boag', 1)"
"('Freya Gulamali', 1)"
"('Alifia Hasan', 1)"
"('Henry David Jeffry Hogg', 1)"
"('Mark Lifson', 1)"
"('Deirdre Mulligan', 1)"
"('Manesh Patel', 1)"
"('Ajai Sehgal', 1)"
"('Keo Shaw', 1)"
"('Danny Tobey', 1)"
"('Alexandra Valladares', 1)"
"('David Vidal', 1)"
"('Suresh Balu', 1)"
"('Mark Sendak', 1)"
"('András Kornai', 1)"
"('Michael Bukatin', 1)"
"('Zsolt Zombori', 1)"
"('Zhang Ze Yu', 1)"
"('Lau Jia Jaw', 1)"
"('Wong Qin Jiang', 1)"
"('Zhang Hui', 1)"
"('Osonde A. Osoba', 1)"
"('Benjamin Boudreaux', 1)"
"('Douglas Yeung', 1)"
"('David Higgins', 1)"
"('Christian Johner', 1)"
"('Nieves Montes', 1)"
"('Tathagata Chakraborti', 1)"
"('Richard Olaniyan', 1)"
"('Muthucumaru Maheswaran', 1)"
"('Vinodkumar Prabhakaran', 1)"
"('Margaret Mitchell', 1)"
"('Timnit Gebru', 1)"
"('Marie-Therese Png', 1)"
"('William Isaac', 1)"
"('Jiacheng Wang', 1)"
"('Hongyang Du', 1)"
"('Dusit Niyato', 1)"
"('Zehui Xiong', 1)"
"('Jiawen Kang', 1)"
"('Shiwen Mao', 1)"
"('Souradip Chakraborty', 1)"
"('Amrit Singh Bedi', 1)"
"('Sicheng Zhu', 1)"
"('Bang An', 1)"
"('Dinesh Manocha', 1)"
"('Furong Huang', 1)"
"('Yotam Wolf', 1)"
"('Noam Wies', 1)"
"('Oshri Avnery', 1)"
"('Yoav Levine', 1)"
"('Monica Palmirani', 1)"
"('Anirudh Sundar', 1)"
"('Larry Heck', 1)"
"('Aaron Horowitz', 1)"
"('Andrew D. Selbst', 1)"
"('Abdolvahab Khademi', 1)"
"('Hengyuan Hu', 1)"
"('Dorsa Sadigh', 1)"
"('Sofie Goethals', 1)"
"('David Martens', 1)"
"('Theodoros Evgeniou', 1)"
"('Yongqing Zheng', 1)"
"('Lizhen Cui', 1)"
"('Simon Fauvel', 1)"
"('Lindsay Sanneman', 1)"
"('Julie Shah', 1)"
"('Ruixin Yang', 1)"
"('Chenyan Jia', 1)"
"('Ge Zhang', 1)"
"('Diyi Yang', 1)"
"('Spencer Frazier', 1)"
"('Md Sultan Al Nahian', 1)"
"('Hao Guo', 1)"
"('Jiuyang Tang', 1)"
"('Weixin Zeng', 1)"
"('Xiang Zhao', 1)"
"('Li Liu', 1)"
"('Pablo Noriega', 1)"
"('Jordi Sabater-Mir', 1)"
"('Antoni Perelló', 1)"
"('Jiawei Zheng', 1)"
"('Petros Papapanagiotou', 1)"
"('Jacques D. Fleuriot', 1)"
"('Yejin Bang', 1)"
"('Tiezheng Yu', 1)"
"('Andrea Madotto', 1)"
"('Zhaojiang Lin', 1)"
"('Mona Diab', 1)"
"('Pascale Fung', 1)"
"('Jean-Charles Layoun', 1)"
"('Suchindra', 1)"
"('Preetam Nagaraj', 1)"
"('Esma Aïmeur', 1)"
"('Muneera Bano', 1)"
"('Matt Deitke', 1)"
"('Winson Han', 1)"
"('Alvaro Herrasti', 1)"
"('Eric Kolve', 1)"
"('Roozbeh Mottaghi', 1)"
"('Dustin Schwenk', 1)"
"('Eli VanderBilt', 1)"
"('Matthew Wallingford', 1)"
"('Ali Farhadi', 1)"
"('Nythamar De Oliveira', 1)"
"('Cheng-Zhi Anna Huang', 1)"
"('Hendrik Vincent Koops', 1)"
"('Ed Newton-Rex', 1)"
"('Monica Dinculescu', 1)"
"('Carrie J. Cai', 1)"
"('Emma Schleiger', 1)"
"('Justine Lacey', 1)"
"('Glenn Newnham', 1)"
"('Cathy Robinson', 1)"
"('David Hansen', 1)"
"('Quanyi Li', 1)"
"('Zhenghao Peng', 1)"
"('Haibin Wu', 1)"
"('Lan Feng', 1)"
"('Weina Jin', 1)"
"('Xiaoxiao Li', 1)"
"('Ghassan Hamarneh', 1)"
"('Trisha Guttal', 1)"
"('Ameet Deshpande', 1)"
"('Tanmay Rajpurohit', 1)"
"('Karthik Narasimhan', 1)"
"('Ashwin Kalyan', 1)"
"('Zachary Kenton', 1)"
"('Laura Weidinger', 1)"
"('Vladimir Mikulik', 1)"
"('Zhenhua Liu', 1)"
"('Feipeng Ma', 1)"
"('Tianyi Wang', 1)"
"('Fengyun Rao', 1)"
"('Cody Wild', 1)"
"('Steven H. Wang', 1)"
"('Neel Alex', 1)"
"('Brandon Houghton', 1)"
"('William Guss', 1)"
"('Sharada Mohanty', 1)"
"('Anssi Kanervisto', 1)"
"('Stephanie Milani', 1)"
"('Nicholay Topin', 1)"
"('Pieter Abbeel', 1)"
"('Ilia Sucholutsky', 1)"
"('Thomas L. Griffiths', 1)"
"('Sky CH-Wang', 1)"
"('Arkadiy Saakyan', 1)"
"('Oliver Li', 1)"
"('Smaranda Muresan', 1)"
"('Collin Burns', 1)"
"('Steven Basart', 1)"
"('Andrew Critch', 1)"
"('Jerry Li', 1)"
"('Dawn Song', 1)"
"('Jacob Steinhardt', 1)"
"('Nicolas Berberich', 1)"
"('Klaus Diepold', 1)"
"('McKane Andrus', 1)"
"('Gillian K. Hadfield', 1)"
"('Hermann Kaindl', 1)"
"('Jonas Ferdigg', 1)"
"('Daniel Ish', 1)"
"('Andrew Lohn', 1)"
"('Christian Curriden', 1)"
"('Julia Brosch-Lenz', 1)"
"('Fereshteh Yousefirizi', 1)"
"('Katherine Zukotynski', 1)"
"('Jean-Mathieu Beauregard', 1)"
"('Vincent Gaudet', 1)"
"('Carlos Uribe', 1)"
"('Séverin Lemaignan', 1)"
"('Nigel Newbutt', 1)"
"('Louis Rice', 1)"
"('Joe Daly', 1)"
"('Vicky Charisi', 1)"
"('Chiu-Chou Lin', 1)"
"('Wei-Chen Chiu', 1)"
"('I-Chen Wu', 1)"
"('Andrea Bontempelli', 1)"
"('Marcelo Rodas Britez', 1)"
"('Xiaoyue Li', 1)"
"('Haonan Zhao', 1)"
"('Luca Erculiani', 1)"
"('Stefano Teso', 1)"
"('Andrea Passerini', 1)"
"('Fausto Giunchiglia', 1)"
"('Vikrant Varma', 1)"
"('Jonathan Uesato', 1)"
"('Zac Kenton', 1)"
"('Peter Barnett', 1)"
"('Justin Svegliato', 1)"
"('Jeff Burke', 1)"
"('Ruofei Du', 1)"
"('Matthew K. Hong', 1)"
"('Jennifer Jacobs', 1)"
"('Philippe Laban', 1)"
"('Dingzeyu Li', 1)"
"('Nanyun Peng', 1)"
"('Karl D. D. Willis', 1)"
"('Chien-Sheng Wu', 1)"
"('Kohitij Kar', 1)"
"('Simon Kornblith', 1)"
"('Evelina Fedorenko', 1)"
"('Dario Amodei', 1)"
"('Sara Kingsley', 1)"
"('Jim Samuel', 1)"
"('Rajiv Kashyap', 1)"
"('Yana Samuel', 1)"
"('Alexander Pelaez', 1)"
"('Joseph Carlsmith', 1)"
"('Mohammad Khalil', 1)"
"('Erkan Er', 1)"
"('Brian Thomas', 1)"
"('Harley Thronson', 1)"
"('Andrew Adrian', 1)"
"('Alison Lowndes', 1)"
"('James Mason', 1)"
"('Nargess Memarsadeghi', 1)"
"('Shahin Samadi', 1)"
"('Giulio Varsi', 1)"
"('Russell Wang', 1)"
"('Gabrielle Kaili-May Liu', 1)"
"('Richard Dazeley', 1)"
"('Cameron Foale', 1)"
"('Charlotte Young', 1)"
"('Sunil Aryal', 1)"
"('Francisco Cruz', 1)"
"('De-An Huang', 1)"
"('Animesh Garg', 1)"
"('Yuyang Gao', 1)"
"('Tong Sun', 1)"
"('Liang Zhao', 1)"
"('Sungsoo Hong', 1)"
"('Hang Li', 1)"
"('Wenbiao Ding', 1)"
"('Zhongqin Wu', 1)"
"('Zitao Liu', 1)"
"('Rui Zhang', 1)"
"('Bayu Distiawan Trisedy', 1)"
"('Miao Li', 1)"
"('Yong Jiang', 1)"
"('Jianzhong Qi', 1)"
"('Jonathan Stray', 1)"
"('Ivan Vendrov', 1)"
"('Jeremy Nixon', 1)"
"('Steven Adler', 1)"
"('Dmitry Kazhdan', 1)"
"('Botty Dimanov', 1)"
"('Lucie Charlotte Magister', 1)"
"('Pietro Barbiero', 1)"
"('Mateja Jamnik', 1)"
"('Pietro Lio', 1)"
"('Kang Chen', 1)"
"('Xiangqian Wu', 1)"
"('Jiani Huang', 1)"
"('Ziyang Li', 1)"
"('David Jacobs', 1)"
"('Mayur Naik', 1)"
"('Ser-Nam Lim', 1)"
"('Luk Burchard', 1)"
"('Max Xiaohang Zhao', 1)"
"('Johannes Langguth', 1)"
"('Aydın Buluç', 1)"
"('Giulia Guidi', 1)"
"('Sayan Deb Sarkar', 1)"
"('Ondrej Miksik', 1)"
"('Marc Pollefeys', 1)"
"('Daniel Barath', 1)"
"('Iro Armeni', 1)"
"('Zhengxuan Wu', 1)"
"('Atticus Geiger', 1)"
"('Christopher Potts', 1)"
"('Noah D. Goodman', 1)"
"('Zineng Tang', 1)"
"('Ziyi Yang', 1)"
"('Chenguang Zhu', 1)"
"('Michael Zeng', 1)"
"('Chao Zhang', 1)"
"('Shiwei Wu', 1)"
"('Sirui Zhao', 1)"
"('Tong Xu', 1)"
"('Enhong Chen', 1)"
"('Edward Hughes', 1)"
"('Yoram Bachrach', 1)"
"('Tantum Collins', 1)"
"('Kevin R. McKee', 1)"
"('Joel Z. Leibo', 1)"
"('Kate Larson', 1)"
"('Thore Graepel', 1)"
"('Matthew L. Weiss', 1)"
"('Joseph McDonald', 1)"
"('David Bestor', 1)"
"('Charles Yee', 1)"
"('Daniel Edelman', 1)"
"('Michael Jones', 1)"
"('Andrew Prout', 1)"
"('Andrew Bowne', 1)"
"('Lindsey McEvoy', 1)"
"('Vijay Gadepally', 1)"
"('Siddharth Samsi', 1)"
"('Nina L. Corvelo Benz', 1)"
"('Manuel Gomez Rodriguez', 1)"
"('J. Gerard Wolff', 1)"
"('Jay Roberts', 1)"
"('Theodoros Tsiligkaridis', 1)"
"('Daniel Szelogowski', 1)"
"('William Paul', 1)"
"('Philippe Burlina', 1)"
"('Sil Hamilton', 1)"
"('Yang Yuan', 1)"
"('P. Sybilski', 1)"
"('R. K. Pawłaszek', 1)"
"('A. Sybilska', 1)"
"('M. Konacki', 1)"
"('K. G. Hełminiak', 1)"
"('S. K. Kozłowski', 1)"
"('M. Ratajczak', 1)"
"('Garrick Cabour', 1)"
"('Andrés Morales', 1)"
"('Élise Ledoux', 1)"
"('Samuel Bassetto', 1)"
"('Dong Won Lee', 1)"
"('Chaitanya Ahuja', 1)"
"('Paul Pu Liang', 1)"
"('Sanika Natu', 1)"
"('Louis-Philippe Morency', 1)"
"('Keegan E. Hines', 1)"
"('Lifeng Han', 1)"
"('Gleb Erofeev', 1)"
"('Irina Sorokina', 1)"
"('Serge Gladkoff', 1)"
"('Goran Nenadic', 1)"
"('Zhiwei He', 1)"
"('Xing Wang', 1)"
"('Zhaopeng Tu', 1)"
"('Shuming Shi', 1)"
"('Rui Wang', 1)"
"('Jiaming Ji', 1)"
"('Jiayi Zhou', 1)"
"('Borong Zhang', 1)"
"('Juntao Dai', 1)"
"('Xuehai Pan', 1)"
"('Ruiyang Sun', 1)"
"('Weidong Huang', 1)"
"('Yiran Geng', 1)"
"('Mickel Liu', 1)"
"('Yaodong Yang', 1)"
"('Sandra Wachter', 1)"
"('Chris Russell', 1)"
"('Yang Yu', 1)"
"('Rongrong Ni', 1)"
"('Duncan C McElfresh', 1)"
"('John P Dickerson', 1)"
"('Nima Shahbazi', 1)"
"('Abolfazl Asudeh', 1)"
"('Tim Miller', 1)"
"('Harsh Agrawal', 1)"
"('Joseph Bullock', 1)"
"('Michael Cerny Green', 1)"
"('Ahmed Khalifa', 1)"
"('Gabriella A. B. Barros', 1)"
"('Nicholas Schmidt', 1)"
"('Bryce Stephens', 1)"
"('Lashon B. Booker', 1)"
"('Scott A. Musman', 1)"
"('Xiaocong Ai', 1)"
"('Robert R. Hoffman', 1)"
"('William J. Clancey', 1)"
"('Cheol-Hyun Cho', 1)"
"('Dongwook Choa', 1)"
"('Wonbo Jeong', 1)"
"('Emanuele Albini', 1)"
"('Piyawat Lertvittayakumjorn', 1)"
"('Antonio Rago', 1)"
"('Francesca Toni', 1)"
"('Priyanka Nanayakkara', 1)"
"('Jessica Hullman', 1)"
"('Nicholas Diakopoulos', 1)"
"('Christoph Anderson', 1)"
"('Judith Simone Heinisch', 1)"
"('Shohreh Deldari', 1)"
"('Flora D. Salim', 1)"
"('Sandra Ohly', 1)"
"('Klaus David', 1)"
"('Veljko Pejovic', 1)"
"('Namrata Mukhija', 1)"
"('Monojit Choudhury', 1)"
"('Kalika Bali', 1)"
"('Tara Roberson', 1)"
"('Stephen Bornstein', 1)"
"('Rain Liivoja', 1)"
"('Simon Ng', 1)"
"('Jason Scholz', 1)"
"('S. Kate Devitt', 1)"
"('Shao Zhang', 1)"
"('Yuting Jia', 1)"
"('Hui Xu', 1)"
"('Toby Jia-jun Li', 1)"
"('Ying Wen', 1)"
"('Xinbing Wang', 1)"
"('Chenghu Zhou', 1)"
"('Adam Jermyn', 1)"
"('Johannes Treutlein', 1)"
"('Rubi Hudson', 1)"
"('Kate Woolverton', 1)"
"('Junyu Chen', 1)"
"('Jie An', 1)"
"('Hanjia Lyu', 1)"
"('David Herron', 1)"
"('Ernesto Jiménez-Ruiz', 1)"
"('Giacomo Tarroni', 1)"
"('Tillman Weyde', 1)"
"('Sebastian Farquhar', 1)"
"('Jade Leung', 1)"
"('Daniel Kokotajlo', 1)"
"('Nahema Marchal', 1)"
"('Noam Kolt', 1)"
"('Lewis Ho', 1)"
"('Will Hawkins', 1)"
"('Been Kim', 1)"
"('Vijay Bolina', 1)"
"('Yoshua Bengio', 1)"
"('Jose Berengueres', 1)"
"('Marybeth Sandell', 1)"
"('Catherine Ordun', 1)"
"('Edward Raff', 1)"
"('Sanjay Purushotham', 1)"
"('Mohamad Fazelnia', 1)"
"('Ahmet Okutan', 1)"
"('Mehdi Mirakhorli', 1)"
"('Martijn van Otterlo', 1)"
"('Arash Gholami Davoodi', 1)"
"('Syed A. Jafar', 1)"
"('Hamdi Joudeh', 1)"
"('Giuseppe Caire', 1)"
"('Anyou Wang', 1)"
"('Markus Peschl', 1)"
"('Arkady Zgonnikov', 1)"
"('Luciano C. Siebert', 1)"
"('Niko A. Grupen', 1)"
"('Michael Hanlon', 1)"
"('Alexis Hao', 1)"
"('Daniel D. Lee', 1)"
"('Cai W. John', 1)"
"('Owen Queen', 1)"
"('Wellington Muchero', 1)"
"('Scott J. Emrich', 1)"
"('Li-Wei Chen', 1)"
"('Shinji Watanabe', 1)"
"('Alexander Rudnicky', 1)"
"('Jakub J. Dylag', 1)"
"('Victor Suarez', 1)"
"('James Wald', 1)"
"('Aneesha Amodini Uvara', 1)"
"('Seungwoo Lee', 1)"
"('Chaerin Kong', 1)"
"('Donghyeon Jeon', 1)"
"('Nojun Kwak', 1)"
"('Alberto Lamas', 1)"
"('Jules Sanchez', 1)"
"('Gianni Franchi', 1)"
"('Ivan Donadello', 1)"
"('Siham Tabik', 1)"
"('David Filliat', 1)"
"('Policarpo Cruz', 1)"
"('Rosana Montes', 1)"
"('Andreas Blattmann', 1)"
"('Robin Rombach', 1)"
"('Huan Ling', 1)"
"('Tim Dockhorn', 1)"
"('Seung Wook Kim', 1)"
"('Sanja Fidler', 1)"
"('Karsten Kreis', 1)"
"('Bin Liu', 1)"
"('Butler', 1)"
"('Tom', 1)"
"('Espinoza-Limón', 1)"
"('Angelina', 1)"
"('Seppälä', 1)"
"('Selja', 1)"
"('Qiao Lan', 1)"
"('Hyo Seung Kang', 1)"
"('Ayoub El Qadi', 1)"
"('Natalia Diaz-Rodriguez', 1)"
"('Maria Trocan', 1)"
"('Thomas Frossard', 1)"
"('Xuan Long Do', 1)"
"('Bowei Zou', 1)"
"('Liangming Pan', 1)"
"('Shafiq Joty', 1)"
"('Clemens Westerkamp', 1)"
"('Aleksander Slominski', 1)"
"('Vinod Muthusamy', 1)"
"('Vatche Ishakian', 1)"
"('Debarag Narayan Banerjee', 1)"
"('Sasanka Sekhar Chanda', 1)"
"('Marvin Dainoff', 1)"
"('Ethan Mollick', 1)"
"('Lilach Mollick', 1)"
"('Andrei Claudiu Roibu', 1)"
"('Ling-Yu Duan', 1)"
"('Jiaying Liu', 1)"
"('Wenhan Yang', 1)"
"('Tiejun Huang', 1)"
"('Wen Gao', 1)"
"('Yasmin Asare Anderson', 1)"
"('Katherine Jameson Armstrong', 1)"
"('Marina Gkiza', 1)"
"('Jay Jennings', 1)"
"('and Lynette Webb', 1)"
"('Fabian Wrede', 1)"
"('Mehrdad Zakershahrak', 1)"
"('Samira Ghodratnama', 1)"
"('Kaili Wang', 1)"
"('Jose Oramas', 1)"
"('Tinne Tuytelaars', 1)"
"('Ziaur Rahman', 1)"
"('Xun Yi Ibrahim Khalil', 1)"
"('Yucong Lin', 1)"
"('Keming Lu', 1)"
"('Sheng Yu', 1)"
"('Tianxi Cai', 1)"
"('Marinka Zitnik', 1)"
"('Qunying Song', 1)"
"('Markus Borg', 1)"
"('Emelie Engström', 1)"
"('Håkan Ardö', 1)"
"('Sergio Rico', 1)"
"('Erik Peterson', 1)"
"('Alexander Lavin', 1)"
"('Aviv Netanyahu', 1)"
"('Tianmin Shu', 1)"
"('Joshua Tenenbaum', 1)"
"('Pulkit Agrawal', 1)"
"('Hao Ai', 1)"
"('Zidong cao', 1)"
"('Yan-pei Cao', 1)"
"('Ying Shan', 1)"
"('Lin Wang', 1)"
"('Maxime Riché', 1)"
"('Jesse Clifton', 1)"
"('Mir Sayed Shah Danish', 1)"
"('Zahra Nazari', 1)"
"('Tomonobu Senjyu', 1)"
"('Lingyao Li', 1)"
"('Lizhou Fan', 1)"
"('Shubham Atreja', 1)"
"('Libby Hemphill', 1)"
"('Alejo Jose G. Sison', 1)"
"('Marco Tulio Daza', 1)"
"('Chunyuan Li', 1)"
"('Cliff Wong', 1)"
"('Sheng Zhang', 1)"
"('Naoto Usuyama', 1)"
"('Haotian Liu', 1)"
"('Jianwei Yang', 1)"
"('Tristan Naumann', 1)"
"('Hoifung Poon', 1)"
"('Jianfeng Gao', 1)"
"('Dinh C. Nguyen', 1)"
"('Peng Cheng', 1)"
"('Ming Ding', 1)"
"('David Lopez-Perez', 1)"
"('Pubudu N. Pathirana', 1)"
"('Aruna Seneviratne', 1)"
"('Yonghui Li', 1)"
"('H. Vincent Poor', 1)"
"('Yuanfeng Ji', 1)"
"('Jiaxiang Wu', 1)"
"('Bingzhe Wu', 1)"
"('Long-Kai Huang', 1)"
"('Tingyang Xu', 1)"
"('Yu Rong', 1)"
"('Lanqing Li', 1)"
"('Jie Ren', 1)"
"('Ding Xue', 1)"
"('Houtim Lai', 1)"
"('Shaoyong Xu', 1)"
"('Jing Feng', 1)"
"('Ping Luo', 1)"
"('Shuigeng Zhou', 1)"
"('Junzhou Huang', 1)"
"('Peilin Zhao', 1)"
"('Yatao Bian', 1)"
"('Dingzhu Wen', 1)"
"('Xiang Jiao', 1)"
"('Peixi Liu', 1)"
"('Guangxu Zhu', 1)"
"('Yuanming Shi', 1)"
"('Tirtha Chanda', 1)"
"('Katja Hauser', 1)"
"('Sarah Hobelsberger', 1)"
"('Tabea-Clara Bucher', 1)"
"('Carina Nogueira Garcia', 1)"
"('Christoph Wies', 1)"
"('Harald Kittler', 1)"
"('Philipp Tschandl', 1)"
"('Cristian Navarrete-Dechent', 1)"
"('Sebastian Podlipnik', 1)"
"('Emmanouil Chousakos', 1)"
"('Iva Crnaric', 1)"
"('Jovana Majstorovic', 1)"
"('Linda Alhajwan', 1)"
"('Tanya Foreman', 1)"
"('Sandra Peternel', 1)"
"('Sergei Sarap', 1)"
"('İrem Özdemir', 1)"
"('Raymond L. Barnhill', 1)"
"('Mar Llamas Velasco', 1)"
"('Gabriela Poch', 1)"
"('Sören Korsing', 1)"
"('Wiebke Sondermann', 1)"
"('Frank Friedrich Gellrich', 1)"
"('Markus V. Heppt', 1)"
"('Michael Erdmann', 1)"
"('Sebastian Haferkamp', 1)"
"('Konstantin Drexler', 1)"
"('Matthias Goebeler', 1)"
"('Bastian Schilling', 1)"
"('Jochen S. Utikal', 1)"
"('Kamran Ghoreschi', 1)"
"('Stefan Fröhling', 1)"
"('Eva Krieghoff-Henning', 1)"
"('Titus J. Brinker', 1)"
"('Guido Governatori', 1)"
"('Fabio Crimaldi', 1)"
"('Manuele Leonelli', 1)"
"('Cameron Dudley', 1)"
"('Rene Abraham', 1)"
"('Christian Meske', 1)"
"('Jan vom Brocke', 1)"
"('Nithesh Javvaji', 1)"
"('Mathias Löwe', 1)"
"('Rush Weigelt', 1)"
"('Casper Harteveld', 1)"
"('Mahendra Samarawickrama', 1)"
"('Sung Une Lee', 1)"
"('Olivier Salvado', 1)"
"('Yunfei Ge', 1)"
"('Quanyan Zhu', 1)"
"('Ananth Balashankar', 1)"
"('Alyssa Lees', 1)"
"('Matthew J. Filipovich', 1)"
"('Zhimu Guo', 1)"
"('Mohammed Al-Qadasi', 1)"
"('Bicky A. Marquez', 1)"
"('Hugh D. Morison', 1)"
"('Volker J. Sorger', 1)"
"('Paul R. Prucnal', 1)"
"('Sudip Shekhar', 1)"
"('Bhavin J. Shastri', 1)"
"('Mathieu Serrurier', 1)"
"('Franck Mamalet', 1)"
"('Thomas Fel', 1)"
"('Louis Béthune', 1)"
"('Thibaut Boissin', 1)"
"('Alejandro Sánchez-Roncero', 1)"
"('Òscar Garibo-i-Ortsa', 1)"
"('J. Alberto Conejero', 1)"
"('Hamidreza Eivazi', 1)"
"('Fermín Mallor', 1)"
"('Emelie Rosenberg', 1)"
"('Francesco Fuso-Nerini', 1)"
"('Javier García-Martínez', 1)"
"('Sergio Hoyas', 1)"
"('Joey Hong', 1)"
"('Kush Bhatia', 1)"
"('Lakshita Dodeja', 1)"
"('Erin Hedlund-Botti', 1)"
"('Matthew Gombolay', 1)"
"('Anthony Sicilia', 1)"
"('Jennifer C. Gates', 1)"
"('Malihe Alikhani', 1)"
"('Hang Zhang', 1)"
"('Lidong Bing', 1)"
"('Jim Davis', 1)"
"('Prithvijit Chattopadhyay', 1)"
"('Deshraj Yadav', 1)"
"('Viraj Prabhu', 1)"
"('Abhishek Das', 1)"
"('Stefan Lee', 1)"
"('Astrid Carolus', 1)"
"('Martin Koch', 1)"
"('Samantha Straka', 1)"
"('Stephanie Galaitsi', 1)"
"('Benjamin D. Trump', 1)"
"('Jeffrey M. Keisler', 1)"
"('Igor Linkov', 1)"
"('Alexander Kott', 1)"
"('Yinghua Li', 1)"
"('Xueqi Dang', 1)"
"('Haoye Tian', 1)"
"('Tiezhu Sun', 1)"
"('Jacques Klein', 1)"
"('Tegawende F. Bissyande', 1)"
"('Sixing Yu', 1)"
"('Murali Emani', 1)"
"('Chunhua Liao', 1)"
"('Pei-Hung Lin', 1)"
"('Tristan Vanderbruggen', 1)"
"('Xipeng Shen', 1)"
"('Ali Jannesari', 1)"
"('Jennifer Horkoff', 1)"
"(""A. N. Vasil'ev"", 1)"
"('V. I. Marchenko', 1)"
"('A. I. Smirnov', 1)"
"('S. S. Sosin', 1)"
"('H. Yamada', 1)"
"('Y. Ueda', 1)"
"('Liang Liu', 1)"
"('Jiasen Niu', 1)"
"('Huiqiang Guo', 1)"
"('Jian Wei', 1)"
"('D. L. Li', 1)"
"('J. F. Feng', 1)"
"('X. F. Han', 1)"
"('J. M. D. Coey', 1)"
"('X. -G. Zhang', 1)"
"('Ion Dronic', 1)"
"('Chang Woo Myung', 1)"
"('Saqib Javaid', 1)"
"('Kwang S. Kim', 1)"
"('Geunsik Lee', 1)"
"('Dhruv Malik', 1)"
"('Malayandi Palaniappan', 1)"
"('Jaime F. Fisac', 1)"
"('Anca D. Dragan', 1)"
"('Peng-Liang Guo', 1)"
"('Qing Ai', 1)"
"('Fu-Guo Deng', 1)"
"('Sudhir Kumar', 1)"
"('Mithun Das Gupta', 1)"
"('Xu Lu', 1)"
"('Jie Wang', 1)"
"('Bojin Zhuang', 1)"
"('Shaojun Wang', 1)"
"('Jing Xiao', 1)"
"('Mohamed Raessa', 1)"
"('Jimmy Chi Yin Chen', 1)"
"('Weiwei Wan', 1)"
"('Kensuke Harada', 1)"
"('Marzieh Edraki', 1)"
"('Nazanin Rahnavard', 1)"
"('Mubarak Shah', 1)"
"('Jessica Hamrick', 1)"
"('Alain Rakotomamonjy', 1)"
"('Rémi Flamary', 1)"
"('Gilles Gasso', 1)"
"('Mokhtar Z. Alaya', 1)"
"('Maxime Berar', 1)"
"('Nicolas Courty', 1)"
"('Mathieu Klein', 1)"
"('Thomas Carpentier', 1)"
"('Eric Jeanclaude', 1)"
"('Rami Kassab', 1)"
"('Konstantinos Varelas', 1)"
"('Nico de Bruijn', 1)"
"('Frédéric Barbaresco', 1)"
"('Yann Briheche', 1)"
"('Yann Semet', 1)"
"('Florence Aligne', 1)"
"('Alexandros Karargyris', 1)"
"('Satyananda Kashyap', 1)"
"('Ismini Lourentzou', 1)"
"('Joy Wu', 1)"
"('Arjun Sharma', 1)"
"('Matthew Tong', 1)"
"('Shafiq Abedin', 1)"
"('David Beymer', 1)"
"('Vandana Mukherjee', 1)"
"('Elizabeth A Krupinski', 1)"
"('Mehdi Moradi', 1)"
"('Jie Lei', 1)"
"('Licheng Yu', 1)"
"('Tamara L. Berg', 1)"
"('Houcemeddine Turki', 1)"
"('Mohamed Ali Hadj Taieb', 1)"
"('Mohamed Ben Aouicha', 1)"
"('Pablo Samuel Castro', 1)"
"('Pu Sun', 1)"
"('Yuezun Li', 1)"
"('Honggang Qi', 1)"
"('Siwei Lyu', 1)"
"('Sangwon Seo', 1)"
"('Lauren R. Kennedy-Metz', 1)"
"('Marco A. Zenati', 1)"
"('Julie A. Shah', 1)"
"('Roger D. Dias', 1)"
"('Vaibhav V. Unhelkar', 1)"
"('Cor Steging', 1)"
"('Silja Renooij', 1)"
"('Bart Verheij', 1)"
"('Paras Bhatt', 1)"
"('Anthony Rios', 1)"
"('Angie Boggust', 1)"
"('Benjamin Hoover', 1)"
"('Arvind Satyanarayan', 1)"
"('Hendrik Strobelt', 1)"
"('Sahas Dendukuri', 1)"
"('Pooja Chitkara', 1)"
"('Joel Ruben Antony Moniz', 1)"
"('Manos Tsagkias', 1)"
"('Stephen Pulman', 1)"
"('Michael Danner', 1)"
"('Thomas Weber', 1)"
"('Leping Peng', 1)"
"('Tobias Gerlach', 1)"
"('Xueping Su', 1)"
"('Matthias Rätsch', 1)"
"('Tianze Zheng', 1)"
"('Weihao Gao', 1)"
"('Chong Wang', 1)"
"('Charl Maree', 1)"
"('Christian Omlin', 1)"
"('Yi Xu', 1)"
"('Lichen Wang', 1)"
"('Yizhou Wang', 1)"
"('Yun Fu', 1)"
"('Yidan Sun', 1)"
"('Qin Chao', 1)"
"('Yangfeng Ji', 1)"
"('Boyang Li', 1)"
"('Jun Xia', 1)"
"('Ting Wang', 1)"
"('Jiepin Ding', 1)"
"('Xian Wei', 1)"
"('Mingsong Chen', 1)"
"('Leila Methnani', 1)"
"('Andreas Antoniades', 1)"
"('Zoran Kostić', 1)"
"('Alex Angus', 1)"
"('Zhengye Yang', 1)"
"('Zhuoxu Duan', 1)"
"('Ivan Seskar', 1)"
"('Gil Zussman', 1)"
"('Dipankar Raychaudhuri', 1)"
"('Timothy Zee', 1)"
"('Alexander G. Ororbia', 1)"
"('Ankur Mali', 1)"
"('Ifeoma Nwogu', 1)"
"('Mingyang Hu', 1)"
"('Fajie Yuan', 1)"
"('Kevin K. Yang', 1)"
"('Fusong Ju', 1)"
"('Jin Su', 1)"
"('Fei Yang', 1)"
"('Qiuyang Ding', 1)"
"('Yang A. Chuming', 1)"
"('Daniel J. Wu', 1)"
"('Ken Hong', 1)"
"('Zuo Wang', 1)"
"('Li-jun Lang', 1)"
"('Giuseppe Attanasio', 1)"
"('Eliana Pastor', 1)"
"('Chiara Di Bonaventura', 1)"
"('Debora Nozza', 1)"
"('Carmen Mazijn', 1)"
"('Carina Prunkl', 1)"
"('Andres Algaba', 1)"
"('Jan Danckaert', 1)"
"('Vincent Ginis', 1)"
"('Joar Skalse', 1)"
"('Nikolaus H. R. Howe', 1)"
"('Dmitrii Krasheninnikov', 1)"
"('Jason Wei', 1)"
"('Shixiang Shane Gu', 1)"
"('Te-Yen Wu', 1)"
"('Claire Cui', 1)"
"('Anthony Favier', 1)"
"('Shashank Shekhar', 1)"
"('Rachid Alami', 1)"
"('Leo Gao', 1)"
"('John Schulman', 1)"
"('Jacob Hilton', 1)"
"('Victor Dibia', 1)"
"('Adam Fourney', 1)"
"('Forough Poursabzi-Sangdeh', 1)"
"('Han Liu', 1)"
"('Saleema Amershi', 1)"
"('Hyungmin Kim', 1)"
"('Sungho Suh', 1)"
"('Sunghyun Baek', 1)"
"('Daehwan Kim', 1)"
"('Daun Jeong', 1)"
"('Hansang Cho', 1)"
"('Junmo Kim', 1)"
"('Arnold Overwijk', 1)"
"('Chenyan Xiong', 1)"
"('Xiao Liu', 1)"
"('Cameron VandenBerg', 1)"
"('Jamie Callan', 1)"
"('Kunal Pratap Singh', 1)"
"('Naoki Matsunaga', 1)"
"('Masato Ishii', 1)"
"('Akio Hayakawa', 1)"
"('Kenji Suzuki', 1)"
"('Takuya Narihira', 1)"
"('Sohini Upadhyay', 1)"
"('Gaurush Hiranandani', 1)"
"('Elena L. Glassman', 1)"
"('Oluwasanmi Koyejo', 1)"
"('Ahmad Mustafa', 1)"
"('Ghassan AlRegib', 1)"
"('Julia Robles', 1)"
"('Cristian Martín', 1)"
"('Manuel Díaz', 1)"
"('Shengchao Liu', 1)"
"('Yutao Zhu', 1)"
"('Jiarui Lu', 1)"
"('Zhao Xu', 1)"
"('Weili Nie', 1)"
"('Anthony Gitter', 1)"
"('Jian Tang', 1)"
"('Hongyu Guo', 1)"
"('David Chanin', 1)"
"('Anthony Hunter', 1)"
"('Jing Zhao', 1)"
"('Heliang Zheng', 1)"
"('Chaoyue Wang', 1)"
"('Long Lan', 1)"
"('Wenjing Yang', 1)"
"('Aimon Rahman', 1)"
"('Jeya Maria Jose Valanarasu', 1)"
"('Ilker Hacihaliloglu', 1)"
"('Vishal M Patel', 1)"
"('Annika Frommholz', 1)"
"('Fabian Seipel', 1)"
"('Sebastian Lapuschkin', 1)"
"('Wojciech Samek', 1)"
"('Johanna Vielhaben', 1)"
"('Hendrik Kempt', 1)"
"('Alon Lavie', 1)"
"('Saskia K. Nagel', 1)"
"('Yixiao Ma', 1)"
"('Yueyue Wu', 1)"
"('Weihang Su', 1)"
"('Qingyao Ai', 1)"
"('Yiqun Liu', 1)"
"('David Carrascal', 1)"
"('Elisa Rojas', 1)"
"('Diego Lopez-Pajares', 1)"
"('Archana Vadakattu', 1)"
"('Michelle Blom', 1)"
"('Adrian R. Pearce', 1)"
"('Ratish Puduppully', 1)"
"('Raj Dabre', 1)"
"('Yuxi Xie', 1)"
"('Guanzhen Li', 1)"
"('Min-Yen Kan', 1)"
"('Xingyu Fu', 1)"
"('Ben Zhou', 1)"
"('Sihao Chen', 1)"
"('Dan Roth', 1)"
"('Geewook Kim', 1)"
"('Hodong Lee', 1)"
"('Daehee Kim', 1)"
"('Haeji Jung', 1)"
"('Sanghee Park', 1)"
"('Yoonsik Kim', 1)"
"('Sangdoo Yun', 1)"
"('Taeho Kil', 1)"
"('Bado Lee', 1)"
"('Seunghyun Park', 1)"
"('Lukas Stappen', 1)"
"('Jeremy Dillmann', 1)"
"('Serena Striegel', 1)"
"('Hans-Jörg Vögel', 1)"
"('Nicolas Flores-Herr', 1)"
"('Björn W. Schuller', 1)"
"('Shreya Chandrasekhar', 1)"
"('Chieh-Yang Huang', 1)"
"(""Ting-Hao 'Kenneth' Huang"", 1)"
"('Silvan Ferreira', 1)"
"('Allan Martins', 1)"
"('Ivanovitch Silva', 1)"
"('Zhi Cao', 1)"
"('Weijie Jack Zhang', 1)"
"('Shizhe Diao', 1)"
"('Rui Pan', 1)"
"('Hanze Dong', 1)"
"('Ka Shun Shum', 1)"
"('Jipeng Zhang', 1)"
"('Wei Xiong', 1)"
"('Tong Zhang', 1)"
"('Huimin Peng', 1)"
"('Amama Mahmood', 1)"
"('Gopika Ajaykumar', 1)"
"('Chien-Ming Huang', 1)"
"('Ebenezer R. H. P. Isaac', 1)"
"('Jim Reno', 1)"
"('Bran Knowles', 1)"
"('John T. Richards', 1)"
"('Xianyou Yang', 1)"
"('Tsz Tung Yu', 1)"
"('Vera Q. Liao', 1)"
"('Jian Zhao', 1)"
"('Avinash Agarwal', 1)"
"('Harsh Agarwal', 1)"
"('Carla Sendra-Balcells', 1)"
"('Víctor M. Campello', 1)"
"('Jordina Torrents-Barrena', 1)"
"('Yahya Ali Ahmed', 1)"
"('Mustafa Elattar', 1)"
"('Benard Ohene Botwe', 1)"
"('Pempho Nyangulu', 1)"
"('William Stones', 1)"
"('Mohammed Ammar', 1)"
"('Lamya Nawal Benamer', 1)"
"('Harriet Nalubega Kisembo', 1)"
"('Senai Goitom Sereke', 1)"
"('Sikolia Z. Wanyonyi', 1)"
"('Marleen Temmerman', 1)"
"('Eduard Gratacós', 1)"
"('Elisenda Bonet', 1)"
"('Elisenda Eixarch', 1)"
"('Kamil Mikolaj', 1)"
"('Martin Grønnebæk Tolsgaard', 1)"
"('Karim Lekadir', 1)"
"('Mihai Nadin', 1)"
"('Xiao Ma', 1)"
"('Taylor W. Brown', 1)"
"('Jean-Marie John-Mathews', 1)"
"('Bo Li', 1)"
"('Peng Qi', 1)"
"('Bo Liu', 1)"
"('Shuai Di', 1)"
"('Jingen Liu', 1)"
"('Jiquan Pei', 1)"
"('Jinfeng Yi', 1)"
"('Bowen Zhou', 1)"
"('Fernando Delgado', 1)"
"('Stephen Yang', 1)"
"('Michael Madaio', 1)"
"('Qian Yang', 1)"
"('Helen Jiang', 1)"
"('Erwen Senge', 1)"
"('Muhammad Ali Chaudhry', 1)"
"('Mutlu Cukurova', 1)"
"('Rose Luckin', 1)"
"('Mengyi Wei', 1)"
"('Zhixuan Zhou', 1)"
"('Jialin Wu', 1)"
"('Ángel Alexander Cabrera', 1)"
"('Adam Perer', 1)"
"('Yilin Ye', 1)"
"('Rong Huang', 1)"
"('Kang Zhang', 1)"
"('Wei Zeng', 1)"
"('K. J. Kevin Feng', 1)"
"('Maxwell James Coppock', 1)"
"('David W. McDonald', 1)"
"('Vishesh Kumar', 1)"
"('S. Schroedl', 1)"
"('Qiyue Yin', 1)"
"('Jun Yang', 1)"
"('Kaiqi Huang', 1)"
"('Meijing Zhao', 1)"
"('Wancheng Ni', 1)"
"('Bin Liang', 1)"
"('Yan Huang', 1)"
"('Shu Wu', 1)"
"('Liang Wang', 1)"
"('Roberto Verdecchia', 1)"
"('June Sallou', 1)"
"('Jan Philip Wahle', 1)"
"('Terry Ruas', 1)"
"('Saif M. Mohammad', 1)"
"('Norman Meuschke', 1)"
"('Bela Gipp', 1)"
"('Takashi Matsumoto', 1)"
"('Arisa Ema', 1)"
"('Erick Galinkin', 1)"
"('Ryan Khurana', 1)"
"('Falaah Arif Khan', 1)"
"('Audrey Balogh', 1)"
"('Loizos Michael', 1)"
"('Tahiya Chowdhury', 1)"
"('Ekaterina Komendantskaya', 1)"
"('Rob Stewart', 1)"
"('Kirsy Duncan', 1)"
"('Daniel Kienitz', 1)"
"('Pierre Le Hen', 1)"
"('Pascal Bacchus', 1)"
"('James Fox', 1)"
"('Joyce Zhou', 1)"
"('Marco Tulio Ribeiro', 1)"
"('Minkyu Shin', 1)"
"('Jin Kim', 1)"
"('Minkyung Kim', 1)"
"('Liuping Wang', 1)"
"('Zhan Zhang', 1)"
"('Ding Wang', 1)"
"('Yvonne Gao', 1)"
"('Xiangmin Fan', 1)"
"('Feng Tian', 1)"
"('Eva Cetinic', 1)"
"('James She', 1)"
"('Roxana Daneshjou', 1)"
"('Longbing Cao', 1)"
"('Maithilee Kunda', 1)"
"('Morteza Saberi', 1)"
"('Esha Shandilya', 1)"
"('Qiaosi Wang', 1)"
"('Ashok K. Goel', 1)"
"('Pin-Yu Chen', 1)"
"('Payel Das', 1)"
"('Ying Lei', 1)"
"('Xinru Wang', 1)"
"('Ming Yin', 1)"
"('Yuheng Wu', 1)"
"('Jiehui Luo', 1)"
"('Fiona Draxler', 1)"
"('Anna Werner', 1)"
"('Florian Lehmann', 1)"
"('Matthias Hoppe', 1)"
"('Albrecht Schmidt', 1)"
"('Daniel Buschek', 1)"
"('Robin Welsch', 1)"
"('Elizabeth Seger', 1)"
"('Neelesh Mungoli', 1)"
"('Joaquin Quiñonero-Candela', 1)"
"('Yuwen Wu', 1)"
"('Brian Hsu', 1)"
"('Sakshi Jain', 1)"
"('Jen Ramos', 1)"
"('Jon Adams', 1)"
"('Robert Hallman', 1)"
"('Kinjal Basu', 1)"
"('Saud Hakem Al Harbi', 1)"
"('Xiaoding Lu', 1)"
"('Aleksey Korshuk', 1)"
"('Zongyi Liu', 1)"
"('William Beauchamp', 1)"
"('Chenglu Sun', 1)"
"('Shuo Shen', 1)"
"('Sijia Xu', 1)"
"('Weidong Zhang', 1)"
"('Benjamin Levinstein', 1)"
"('Jeannette M. Wing', 1)"
"('Wim Verleyen', 1)"
"('William McGinnis', 1)"
"('Mamdouh Alenezi', 1)"
"('Mohammad Zarour', 1)"
"('Mohammad Akour', 1)"
"('Mehmet S. Ismail', 1)"
"('Casey Clifton', 1)"
"('Richard Blythman', 1)"
"('Kartika Tulusan', 1)"
"('Zijian Ding', 1)"
"('Joel Chan', 1)"
"('Harshit Sharma', 1)"
"('Yi Xiao', 1)"
"('Victoria Tumanova', 1)"
"('Asif Salekin', 1)"
"('Ethan Caballero', 1)"
"('Kshitij Gupta', 1)"
"('Xinghua Qu', 1)"
"('Hongyang Liu', 1)"
"('Zhu Sun', 1)"
"('Xiang Yin', 1)"
"('Yew Soon Ong', 1)"
"('Lu Lu', 1)"
"('Zejun Ma', 1)"
"('Rachel K. E. Bellamy', 1)"
"('Marvin J. Dainoff', 1)"
"('Haochen Liu', 1)"
"('Yiqi Wang', 1)"
"('Wenqi Fan', 1)"
"('Xiaorui Liu', 1)"
"('Yaxin Li', 1)"
"('Shaili Jain', 1)"
"('Yunhao Liu', 1)"
"('Anil K. Jain', 1)"
"('Jiliang Tang', 1)"
"('MyungJoo Ham', 1)"
"('Sangjung Woo', 1)"
"('Jaeyun Jung', 1)"
"('Wook Song', 1)"
"('Gichan Jang', 1)"
"('Yongjoo Ahn', 1)"
"('Hyoung Joo Ahn', 1)"
"('Aurelie Jacquet', 1)"
"('Minsang Yi', 1)"
"('Hanbyul Choi', 1)"
"('Min Song', 1)"
"('Yi Bu', 1)"
"('Jinpeng Zhang', 1)"
"('Chuanqi Dong', 1)"
"('Xiangyu Duan', 1)"
"('Yuqi Zhang', 1)"
"('Min Zhang', 1)"
"('Riccardo Fogliato', 1)"
"('Matthew Lungren', 1)"
"('Michael Fitzke', 1)"
"('Mark Parkinson', 1)"
"('Diane Wilson', 1)"
"('Paul Fisher', 1)"
"('Anthony M. Barrett', 1)"
"('Jessica Newman', 1)"
"('Brandie Nonnecke', 1)"
"('Dong Zhang', 1)"
"('Mahipal Jadeja', 1)"
"('Neelanshi Varia', 1)"
"('Xiaohu Ge', 1)"
"('Dan Weld', 1)"
"('Walter Lasecki', 1)"
"('Agnes Schim van der Loeff', 1)"
"('Iggy Bassi', 1)"
"('Sachin Kapila', 1)"
"('Jevgenij Gamper', 1)"
"('Ricardo Morla', 1)"
"('Florian Buettner', 1)"
"('Ian McCulloh', 1)"
"('Ulli Waltinger', 1)"
"('Labhaoise Ni Fhaolain', 1)"
"('Andrew Hines', 1)"
"('Anh Nguyen-Duc', 1)"
"('Tommi Mikkonen', 1)"
"('Margarita Leib', 1)"
"('Nils C. Köbis', 1)"
"('Rainer Michael Rilke', 1)"
"('Marloes Hagens', 1)"
"('Bernd Irlenbusch', 1)"
"('Yuanhao Xie', 1)"
"('Gauthier Chassang', 1)"
"('Mogens Thomsen', 1)"
"('Pierre Rumeau', 1)"
"('Florence Sèdes', 1)"
"('Alejandra Delfin', 1)"
"('Wen Wu', 1)"
"('Huaqing Wu', 1)"
"('Haibo Zhou', 1)"
"('Ning Zhang', 1)"
"('Tomas Folke', 1)"
"('Scott Cheng-Hsin Yang', 1)"
"('Sean Anderson', 1)"
"('Patrick Shafto', 1)"
"('Pedro H. C. Avelar', 1)"
"('Rafael B. Audibert', 1)"
"('Anderson R. Tavares', 1)"
"('Luís C. Lamb', 1)"
"('Anna Jobin', 1)"
"('Licinia Guettel', 1)"
"('Laura Liebig', 1)"
"('Christian Katzenbach', 1)"
"('Philipp Rosenthal', 1)"
"('Oliver Niggemann', 1)"
"('Leonie Bossert', 1)"
"('Tse Yip Fai', 1)"
"('Peter Singer', 1)"
"('Dario Rossi', 1)"
"('Liang Zhang', 1)"
"('Nanne van Noord', 1)"
"('Melvin Wevers', 1)"
"('Tobias Blanke', 1)"
"('Julia Noordegraaf', 1)"
"('Marcel Worring', 1)"
"('Maarten Buyl', 1)"
"('Tijl De Bie', 1)"
"('Yuxiu Luo', 1)"
"('Mingjian Tang', 1)"
"('Philipp Spitzer', 1)"
"('Joshua Holstein', 1)"
"('Daniella DiPaola', 1)"
"('Randi Williams', 1)"
"('Prerna Ravi', 1)"
"('Blakeley H. Payne', 1)"
"('Judy Hanwen Shen', 1)"
"('Abhimanyu Dubey', 1)"
"('Bjarke Felbo', 1)"
"('Manuel Cebrian', 1)"
"('Jinyang Gao', 1)"
"('Meihui Zhang', 1)"
"('Gang Chen', 1)"
"('H. V. Jagadish', 1)"
"('Guoliang Li', 1)"
"('Teck Khim Ng', 1)"
"('Beng Chin Ooi', 1)"
"('Sheng Wang', 1)"
"('Yasmeen Alufaisan', 1)"
"('Laura R. Marusich', 1)"
"('Jonathan Z. Bakdash', 1)"
"('Yan Zhou', 1)"
"('Murat Kantarcioglu', 1)"
"('Junli Shen', 1)"
"('Maocai Xia', 1)"
"('Zana Buçinca', 1)"
"('Maja Barbara Malaya', 1)"
"('Krzysztof Z. Gajos', 1)"
"('Tosin Adewumi', 1)"
"('Foteini Liwicki', 1)"
"('Marcus Liwicki', 1)"
"('Charlie Giattino', 1)"
"('Aastha Pant', 1)"
"('Rashina Hoda', 1)"
"('Burak Turhan', 1)"
"('Weili Wang', 1)"
"('Omid Abbasi', 1)"
"('Halim Yanikomeroglu', 1)"
"('Chengchao Liang', 1)"
"('Lun Tang', 1)"
"('Qianbin Chen', 1)"
"('Jiangsu Du', 1)"
"('Yingpeng Wen', 1)"
"('Jiazhi Jiang', 1)"
"('Dan Huang', 1)"
"('Xiangke Liao', 1)"
"('Peter Bajcsy', 1)"
"('Antonio Cardone', 1)"
"('Chenyi Ling', 1)"
"('Philippe Dessauw', 1)"
"('Michael Majurski', 1)"
"('Tim Blattner', 1)"
"('Derek Juba', 1)"
"('Walid Keyrouz', 1)"
"('Deepak P', 1)"
"('Stanley Simoes', 1)"
"('Muiris MacCarthaigh', 1)"
"('Mohammad Tahaei', 1)"
"('Marios Constantinides', 1)"
"('Daniele Quercia', 1)"
"('Sangchul Park', 1)"
"('Winnie Ma', 1)"
"('Vincent Valton', 1)"
"('Louisa H. Y. Tsi', 1)"
"('Xuan Xie', 1)"
"('Zhehua Zhou', 1)"
"('Fuyuan Zhang', 1)"
"('Lara Groves', 1)"
"('Aidan Peppin', 1)"
"('Andrew Strait', 1)"
"('Jenny Brennan', 1)"
"('Ashwin Agrawal', 1)"
"('Vishal Singh', 1)"
"('Martin Fischer', 1)"
"('Ning Ding', 1)"
"('Yehui Tang', 1)"
"('Zhongqian Fu', 1)"
"('Chao Xu', 1)"
"('Kai Han', 1)"
"('Yunhe Wang', 1)"
"('Vikram Saraph', 1)"
"('Tijana Milenković', 1)"
"('Rodrigo Echeveste', 1)"
"('Meng Tang', 1)"
"('Dmitrii Marin', 1)"
"('Yuri Boykov', 1)"
"('Sergey Bartunov', 1)"
"('Adam Santoro', 1)"
"('Blake A. Richards', 1)"
"('Luke Marris', 1)"
"('Geoffrey E. Hinton', 1)"
"('Timothy Lillicrap', 1)"
"('Miikka S. Väisälä', 1)"
"('Hsien Shang', 1)"
"('Ruben Krasnopolsky', 1)"
"('Sheng-Yuan Liu', 1)"
"('Ka Ho Lam', 1)"
"('Zhi-Yun Li', 1)"
"('Aditya Saligrama', 1)"
"('Bo Ai', 1)"
"('Yong Niu', 1)"
"('Wen-Yuan Ai', 1)"
"('Juan S. Cruz', 1)"
"('Bjorn Garbrecht', 1)"
"('Carlos Tamarit', 1)"
"('Zijie Zhuang', 1)"
"('Tianyu Zhang', 1)"
"('Hengheng Zhang', 1)"
"('Haozhe Wu', 1)"
"('Haizhou Ai', 1)"
"('Rongchen Guo', 1)"
"('Takanori Fujiwara', 1)"
"('Yiran Li', 1)"
"('Kelly M. Lima', 1)"
"('Soman Sen', 1)"
"('Nam K. Tran', 1)"
"('Kwan-Liu Ma', 1)"
"('Shruthi Chari', 1)"
"('Daniel M. Gruen', 1)"
"('Oshani Seneviratne', 1)"
"('Deborah L. McGuinness', 1)"
"('Alexander Meulemans', 1)"
"('Francesco S. Carzaniga', 1)"
"('Johan A. K. Suykens', 1)"
"('João Sacramento', 1)"
"('Benjamin F. Grewe', 1)"
"('Adrian Galdran', 1)"
"('André Anjos', 1)"
"('José Dolz', 1)"
"('Hadi Chakor', 1)"
"('Hervé Lombaert', 1)"
"('Yingying Deng', 1)"
"('Fan Tang', 1)"
"('Weiming Dong', 1)"
"('Haibin Huang', 1)"
"('Chongyang Ma', 1)"
"('Changsheng Xu', 1)"
"('Mattia Soldan', 1)"
"('Mengmeng Xu', 1)"
"('Sisi Qu', 1)"
"('Jesper Tegner', 1)"
"('Bernard Ghanem', 1)"
"('Tri Minh Nguyen', 1)"
"('Thin Nguyen', 1)"
"('Truyen Tran', 1)"
"('Johannes Rabold', 1)"
"('Michael Siebers', 1)"
"('Ute Schmid', 1)"
"('Xinyu Jia', 1)"
"('Chuang Zhu', 1)"
"('Minzhen Li', 1)"
"('Wenqi Tang', 1)"
"('Shengjie Liu', 1)"
"('Wenli Zhou', 1)"
"('Philipp Geyer', 1)"
"('Manav Mahan Singh', 1)"
"('Wei Zhu', 1)"
"('Andrew White', 1)"
"('Jiacheng Huang', 1)"
"('Zhen Ning', 1)"
"('Qijin Chen', 1)"
"('Xiaoxia Qiu', 1)"
"('Chengfu Huo', 1)"
"('Weijun Ren', 1)"
"('Lalith Sharan', 1)"
"('Julian Kuhm', 1)"
"('Arman Ghanaat', 1)"
"('Jelizaveta Gordejeva', 1)"
"('Nike K. Simon', 1)"
"('Niko M. Grell', 1)"
"('Florian André', 1)"
"('Ramona Merhej', 1)"
"('Fernando P. Santos', 1)"
"('Mohamed Chetouani', 1)"
"('Feng Li', 1)"
"('Hao Zhang', 1)"
"('Yi-Fan Zhang', 1)"
"('Shilong Liu', 1)"
"('Jian Guo', 1)"
"('Lionel M. Ni', 1)"
"('PengChuan Zhang', 1)"
"('Lei Zhang', 1)"
"('Min Zhou', 1)"
"('Chenchen Xu', 1)"
"('Ye Ma', 1)"
"('Tiezheng Ge', 1)"
"('Yuning Jiang', 1)"
"('Weiwei Xu', 1)"
"('Patrick Esser', 1)"
"('Peter Michael', 1)"
"('Soumyadip Sengupta', 1)"
"('Chenliang Li', 1)"
"('Haiyang Xu', 1)"
"('Junfeng Tian', 1)"
"('Ming Yan', 1)"
"('Bin Bi', 1)"
"('Jiabo Ye', 1)"
"('Hehong Chen', 1)"
"('Guohai Xu', 1)"
"('Zheng Cao', 1)"
"('Ji Zhang', 1)"
"('Songfang Huang', 1)"
"('Fei Huang', 1)"
"('Luo Si', 1)"
"('Shih-Chun Lin', 1)"
"('Chia-Hung Lin', 1)"
"('K V S Rohit', 1)"
"('Liang C Chu', 1)"
"('Theodore R Sumers', 1)"
"('Robert D Hawkins', 1)"
"('Mark K Ho', 1)"
"('Thomas L Griffiths', 1)"
"('Debarati Bhaumik', 1)"
"('Diptish Dey', 1)"
"('Subhradeep Kayal', 1)"
"('Weijie Yu', 1)"
"('Zhongxiang Sun', 1)"
"('Jun Xu', 1)"
"('Zhenhua Dong', 1)"
"('Xu Chen', 1)"
"('Hongteng Xu', 1)"
"('Sreekrishnan Venkateswaran', 1)"
"('Jinxin Liu', 1)"
"('Murat Simsek', 1)"
"('Burak Kantarci', 1)"
"('Mehran Bagheri', 1)"
"('Petar Djukic', 1)"
"('Julia El Zini', 1)"
"('Mohamad Mansour', 1)"
"('Basel Mousi', 1)"
"('Mariette Awad', 1)"
"('Manahil Raza', 1)"
"('Ruqayya Awan', 1)"
"('Raja Muhammad Saad Bashir', 1)"
"('Talha Qaiser', 1)"
"('Nasir M. Rajpoot', 1)"
"('Elias Grünewald', 1)"
"('Johannes M. Halkenhäußer', 1)"
"('Nicola Leschke', 1)"
"('Johanna Washington', 1)"
"('Cristina Paupini', 1)"
"('Frank Pallas', 1)"
"('Md Saiful Islam', 1)"
"('Wasifur Rahman', 1)"
"('Abdelrahman Abdelkader', 1)"
"('Phillip T. Yang', 1)"
"('Sangwu Lee', 1)"
"('Jamie L. Adams', 1)"
"('Ruth B. Schneider', 1)"
"('E. Ray Dorsey', 1)"
"('Ehsan Hoque', 1)"
"('Xue-Jing Luo', 1)"
"('Shuo Wang', 1)"
"('Zongwei Wu', 1)"
"('Christos Sakaridis', 1)"
"('Yun Cheng', 1)"
"('Deng-Ping Fan', 1)"
"('Luc Van Gool', 1)"
"('Yangyi Liu', 1)"
"('Liangyan Li', 1)"
"('Zijun Wu', 1)"
"('Jun Chen', 1)"
"('Andrey Sobolevsky', 1)"
"('Guillaume-Alexandre Bilodeau', 1)"
"('Jinghui Cheng', 1)"
"('Jin L. C. Guo', 1)"
"('Pingchuan Ma', 1)"
"('Zongjie Li', 1)"
"('Ao Sun', 1)"
"('Shuai Wang', 1)"
"('Teng Wang', 1)"
"('Jinrui Zhang', 1)"
"('Junjie Fei', 1)"
"('Hao Zheng', 1)"
"('Yunlong Tang', 1)"
"('Zhe Li', 1)"
"('Mingqi Gao', 1)"
"('Shanshan Zhao', 1)"
"('Hongbo Zhang', 1)"
"('Junying Chen', 1)"
"('Feng Jiang', 1)"
"('Fei Yu', 1)"
"('Zhihong Chen', 1)"
"('Jianquan Li', 1)"
"('Guiming Chen', 1)"
"('Xiangbo Wu', 1)"
"('Zhiyi Zhang', 1)"
"('Qingying Xiao', 1)"
"('Xiang Wan', 1)"
"('Benyou Wang', 1)"
"('Haizhou Li', 1)"
"('Yaodong Yu', 1)"
"('Maziar Sanjabi', 1)"
"('Yi Ma', 1)"
"('Kamalika Chaudhuri', 1)"
"('Chuan Guo', 1)"
"('Kimon Kieslich', 1)"
"('Marco Lünich', 1)"
"('Pero Došenović', 1)"
"('Philipp Hacker', 1)"
"('Vladimir Shakirov', 1)"
"('Gabriel Murray', 1)"
"('Yijia Wang', 1)"
"('Yan Wan', 1)"
"('Zhijian Wang', 1)"
"('Dinesh Verma', 1)"
"('Simon Julier', 1)"
"('Greg Cirincione', 1)"
"('Anders Braarud Hanssen', 1)"
"('Stefano Nichele', 1)"
"('Lu Xu', 1)"
"('Yating Wang', 1)"
"('Vera Liao', 1)"
"('Jacquelyn Martino', 1)"
"('Justin Weisz', 1)"
"('Vanessa Volz', 1)"
"('Boris Naujoks', 1)"
"('Frank Emmert-Streib', 1)"
"('Olli Yli-Harja', 1)"
"('Matthias Dehmer', 1)"
"('Yingni Wang', 1)"
"('Shuge Lei', 1)"
"('Jian Dai', 1)"
"('Kehong Yuan', 1)"
"('Ramya Akula', 1)"
"('Ivan Garibay', 1)"
"('Andrea Cossu', 1)"
"('Marta Ziosi', 1)"
"('Vincenzo Lomonaco', 1)"
"('Claudio S. Pinhanez', 1)"
"('Kaska Porayska-Pomsta', 1)"
"('Wayne Holmes', 1)"
"('Youheng Zhang', 1)"
"('Emmanuel Deruty', 1)"
"('Maarten Grachten', 1)"
"('Quanda Zhang', 1)"
"('Qi Zhang', 1)"
"('Alessio Tartaro', 1)"
"('Adam Leon Smith', 1)"
"('Patricia Shaw', 1)"
"('Eric Schwitzgebel', 1)"
"('David Gros', 1)"
"('Prem Devanbu', 1)"
"('Francesca da Rimini', 1)"
"('Advait Sarkar', 1)"
"('Radovan Dermisek', 1)"
"('John F. Gunion', 1)"
"('Francesca Rossi', 1)"
"('Nicholas Mattei', 1)"
"('Aliaksandra Shysheya', 1)"
"('Egor Zakharov', 1)"
"('Kara-Ali Aliev', 1)"
"('Renat Bashirov', 1)"
"('Egor Burkov', 1)"
"('Karim Iskakov', 1)"
"('Aleksei Ivakhnenko', 1)"
"('Yury Malkov', 1)"
"('Igor Pasechnik', 1)"
"('Dmitry Ulyanov', 1)"
"('Alexander Vakhitov', 1)"
"('Victor Lempitsky', 1)"
"('Daniel Richins', 1)"
"('Dharmisha Doshi', 1)"
"('Matthew Blackmore', 1)"
"('Aswathy Thulaseedharan Nair', 1)"
"('Neha Pathapati', 1)"
"('Ankit Patel', 1)"
"('Brainard Daguman', 1)"
"('Daniel Dobrijalowski', 1)"
"('Ramesh Illikkal', 1)"
"('Kevin Long', 1)"
"('David Zimmerman', 1)"
"('Vijay Janapa Reddi', 1)"
"('Yuanrui Fan', 1)"
"('Xin Xia', 1)"
"('David Lo', 1)"
"('Ahmed E. Hassan', 1)"
"('Shanping Li', 1)"
"('S Kate Devitt', 1)"
"('Eduard Vilalta', 1)"
"('Justus Bogner', 1)"
"('Julien Siebert', 1)"
"('Anna Maria Vollmer', 1)"
"('Stefan Wagner', 1)"
"('Nataliya Nedzhvetskaya', 1)"
"('JS Tan', 1)"
"('Owen Cotton-Barratt', 1)"
"('Lukas Finnveden', 1)"
"('Adam Bales', 1)"
"('Peter Wills', 1)"
"('Luca Righetti', 1)"
"('William Saunders', 1)"
"('Li Xu', 1)"
"('Jie Min', 1)"
"('Yueyao Wang', 1)"
"('Laura J. Freeman', 1)"
"('Susannah Kate Devitt', 1)"
"('Damian Copeland', 1)"
"('Carina Benz', 1)"
"('Mona Sloane', 1)"
"('Janina Zakrzewski', 1)"
"('Mahdi Fahmideh', 1)"
"('Aakash Ahmad', 1)"
"('Alejandra Bringas Colmenarejo', 1)"
"('Luca Nannini', 1)"
"('Alisa Rieger', 1)"
"('Kristen M. Scott', 1)"
"('Xuan Zhao', 1)"
"('Gourab K. Patro', 1)"
"('Gjergji Kasneci', 1)"
"('Katharina Kinder-Kurlanda', 1)"
"('Katharina Weitz', 1)"
"('Chi Tai Dang', 1)"
"('Elisabeth André', 1)"
"('Valdemar Danry', 1)"
"('Pat Pataranutaporn', 1)"
"('Pattie Maes', 1)"
"('Isa Inuwa-Dutse', 1)"
"('Matthew Burtell', 1)"
"('Emilio Ferrara', 1)"
"('Michele Farisco', 1)"
"('Gianluca Baldassarre', 1)"
"('Emilio Cartoni', 1)"
"('Antonia Leach', 1)"
"('Mihai A. Petrovici', 1)"
"('Achim Rosemann', 1)"
"('Arleen Salles', 1)"
"('Bernd Stahl', 1)"
"('Sacha J. van Albada', 1)"
"('Yiqun Chen', 1)"
"('Sarvnaz Karimi', 1)"
"('Alexandra Bratanova', 1)"
"('Claire Naughtin', 1)"
"('Robert Feldt', 1)"
"('Francisco G. de Oliveira Neto', 1)"
"('Richard Torkar', 1)"
"('Alberto Barbado', 1)"
"('Daniel Sierra', 1)"
"('Mateus de Souza Monteiro', 1)"
"('Olivia J. Erdélyi', 1)"
"('Judy Goldsmith', 1)"
"('Hongyan Gu', 1)"
"('Jingbin Huang', 1)"
"('Lauren Hung', 1)"
"('Tyler J. Shipp', 1)"
"('Daniel J. Clouse', 1)"
"('Michael J. De Lucia', 1)"
"('Metin B. Ahiskali', 1)"
"('Kai Steverson', 1)"
"('Jonathan M. Mullin', 1)"
"('Nathaniel D. Bastian', 1)"
"('David Mumford', 1)"
"('Soya Park', 1)"
"('April Yi Wang', 1)"
"('Felix Portnoy', 1)"
"('Rudolf Ramler', 1)"
"('Wenxi Wang', 1)"
"('Huansheng Ning', 1)"
"('Feifei Shi', 1)"
"('Sahraoui Dhelim', 1)"
"('Weishan Zhang', 1)"
"('Liming Chen', 1)"
"('Kaniz Mishty', 1)"
"('Mehdi Sadi', 1)"
"('Maciej A. Mazurowski', 1)"
"('Moritz J. Kleinaltenkamp', 1)"
"('Seth D. Baum', 1)"
"('Ramya Srinivasan', 1)"
"('Benjamin Cedric Larsen', 1)"
"('Daswin De Silva', 1)"
"('Damminda Alahakoon', 1)"
"('Simon Coghlan', 1)"
"('Shiva Maharaj', 1)"
"('Nick Polson', 1)"
"('Tahereh Saheb', 1)"
"('Mohammad Dehghani', 1)"
"('Ashwin', 1)"
"('William Agnew', 1)"
"('Umut Pajaro', 1)"
"('Hetvi Jethwani', 1)"
"('Yun-Cheng Tsai', 1)"
"('Fu-Min Szu', 1)"
"('Jun-Hao Chen', 1)"
"('Samuel Yen-Chi Chen', 1)"
"('Zijun Xue', 1)"
"('Ruirui Li', 1)"
"('Mingda Li', 1)"
"('Raphael Weibel', 1)"
"('Nathan Wang', 1)"
"('Paul Tonko', 1)"
"('Nikil Ragav', 1)"
"('Michael Chungyoun', 1)"
"('Jonathan Plucker', 1)"
"('Giovanni Cinà', 1)"
"('Tabea Röber', 1)"
"('Rob Goedhart', 1)"
"('Ilker Birbil', 1)"
"('Keri Mallari', 1)"
"('Divya Ramesh', 1)"
"('Pietro Michelucci', 1)"
"('Vani Mandava', 1)"
"('Libuše Hannah Vepřek', 1)"
"('Gabrielle Quinn', 1)"
"('J. Lian', 1)"
"('K. Choi', 1)"
"('B. Veeramani', 1)"
"('A. Hu', 1)"
"('L. Freeman', 1)"
"('E. Bowen', 1)"
"('X. Deng', 1)"
"('S. J. Ben Yoo', 1)"
"('Hal Daume III', 1)"
"('Valerie Chen', 1)"
"('Nur Yildirim', 1)"
"('Mahima Pushkarna', 1)"
"('Nitesh Goyal', 1)"
"('Jennifer Wang', 1)"
"('Manav Raj', 1)"
"('Justin Berg', 1)"
"('Rob Seamans', 1)"
"('Monika Westphal', 1)"
"('Sebastian Vetter', 1)"
"('Mark Stefik', 1)"
"('Zhibin Zhou', 1)"
"('Junnan Yu', 1)"
"('Jian Gao', 1)"
"('Dashun Wang', 1)"
"('Xinliang Zhou', 1)"
"('Chenyu Liu', 1)"
"('Liming Zhai', 1)"
"('Ziyu Jia', 1)"
"('Cuntai Guan', 1)"
"('Yang Liu', 1)"
"('Stefania Druga', 1)"
"('Amy J. Ko', 1)"
"('Eva Erman', 1)"
"('Markus Furendal', 1)"
"('Mark Klamberg', 1)"
"('Rui Hao', 1)"
"('Dianbo Liu', 1)"
"('Linmei Hu', 1)"
"('Alexa Hagerty', 1)"
"('Igor Rubinov', 1)"
"('Engin Dikici', 1)"
"('Matthew Bigelow', 1)"
"('Luciano M. Prevedello', 1)"
"('Richard D. White', 1)"
"('Barbaros Selnur Erdal', 1)"
"('Andreas Holzinger', 1)"
"('André Carrington', 1)"
"('Heimo Müller', 1)"
"('Heather M. Roff', 1)"
"('Dario Garcia-Gasulla', 1)"
"('Atia Cortés', 1)"
"('Sergio Alvarez-Napagao', 1)"
"('Ulises Cortés', 1)"
"('Elisa Bertino', 1)"
"('Maria Gini', 1)"
"('Daniel Lopresti', 1)"
"('David Parkes', 1)"
"('Ayodeji Oseni', 1)"
"('Nour Moustafa', 1)"
"('Helge Janicke', 1)"
"('Peng Liu', 1)"
"('Zahir Tari', 1)"
"('Athanasios Vasilakos', 1)"
"('Yisroel Mirsky', 1)"
"('Ambra Demontis', 1)"
"('Jaidip Kotak', 1)"
"('Ram Shankar', 1)"
"('Deng Gelei', 1)"
"('Liu Yang', 1)"
"('Xiangyu Zhang', 1)"
"('Wenke Lee', 1)"
"('Yuval Elovici', 1)"
"('Battista Biggio', 1)"
"('Ho Chit Siu', 1)"
"('Jaime D. Pena', 1)"
"('Edenna Chen', 1)"
"('Yutai Zhou', 1)"
"('Victor J. Lopez', 1)"
"('Kyle Palko', 1)"
"('Kimberlee C. Chang', 1)"
"('Ross E. Allen', 1)"
"('I-Hsiang Lee', 1)"
"('Zhenghua Chen', 1)"
"('Min Wu', 1)"
"('Alvin Chan', 1)"
"('Xiaoli Li', 1)"
"('Yew-Soon Ong', 1)"
"('Maurice Jakesch', 1)"
"('Jeffrey Hancock', 1)"
"('Mor Naaman', 1)"
"('Chao-Kai Wen', 1)"
"('Alexandre Blanco-Gonzalez', 1)"
"('Alfonso Cabezon', 1)"
"('Alejandro Seco-Gonzalez', 1)"
"('Daniel Conde-Torres', 1)"
"('Paula Antelo-Riveiro', 1)"
"('Angel Pineiro', 1)"
"('Rebeca Garcia-Fandino', 1)"
"('Floriana Gargiulo', 1)"
"('Sylvain Fontaine', 1)"
"('Michel Dubois', 1)"
"('Paola Tubaro', 1)"
"('Yongqiang Ma', 1)"
"('Jiawei Liu', 1)"
"('Fan Yi', 1)"
"('Qikai Cheng', 1)"
"('Yong Huang', 1)"
"('Wei Lu', 1)"
"('Xiaozhong Liu', 1)"
"('Yongliang Shen', 1)"
"('Kaitao Song', 1)"
"('Xu Tan', 1)"
"('Weiming Lu', 1)"
"('Yueting Zhuang', 1)"
"('Chi Ho Yeung', 1)"
"('April Ka Yeng Fung', 1)"
"('Zhengyuan Jiang', 1)"
"('Jinghuai Zhang', 1)"
"('Neil Zhenqiang Gong', 1)"
"('Navita Goyal', 1)"
"('Eleftheria Briakou', 1)"
"('Amanda Liu', 1)"
"('Connor Baumler', 1)"
"('Claire Bonial', 1)"
"('Jeffrey Micher', 1)"
"('Clare R. Voss', 1)"
"('Marine Carpuat', 1)"
"('Hal Daumé III', 1)"
"('Jieshan Chen', 1)"
"('Roy Hayes', 1)"
"('Peter Beling', 1)"
"('William Scherer', 1)"
"('Ethan Fast', 1)"
"('Eric Eaton', 1)"
"('Claudia Schulz', 1)"
"('Francesco Maurelli', 1)"
"('John Lee', 1)"
"('Joshua Eckroth', 1)"
"('Mark Crowley', 1)"
"('Rogelio E. Cardona-Rivera', 1)"
"('Katja Grace', 1)"
"('John Salvatier', 1)"
"('Marisa Vasconcelos', 1)"
"('Carlos Cardonha', 1)"
"('Bernardo Gonçalves', 1)"
"('Siwei Fu', 1)"
"('Anbang Xu', 1)"
"('Xiaotong Liu', 1)"
"('Huimin Zhou', 1)"
"('Rama Akkiraju', 1)"
"('Zhiqi Shen', 1)"
"('Victor R. Lesser', 1)"
"('Qiang Yang', 1)"
"('Yi Zeng', 1)"
"('Enmeng Lu', 1)"
"('Cunqing Huangfu', 1)"
"('Tianle Yuan', 1)"
"('Anhong Guo', 1)"
"('Hanna Wallach', 1)"
"('Natalia Efremova', 1)"
"('Dennis West', 1)"
"('Dmitry Zausaev', 1)"
"('Amy K. Hoover', 1)"
"('Scott Lee', 1)"
"('Fernando de Mesentier Silva', 1)"
"('Yolanda Gil', 1)"
"('Daniel Gruen', 1)"
"('Sarah Miller', 1)"
"('Mike Preuss', 1)"
"('Andreas Jedlitschka', 1)"
"('Lionel Robert', 1)"
"('Irene Celino', 1)"
"('Frank Breitinger', 1)"
"('Mohit Kumar Ahuja', 1)"
"('Mohamed-Bachir Belaid', 1)"
"('Pierre Bernabé', 1)"
"('Mathieu Collet', 1)"
"('Arnaud Gotlieb', 1)"
"('Chhagan Lal', 1)"
"('Dusica Marijan', 1)"
"('Sagar Sen', 1)"
"('Aizaz Sharif', 1)"
"('Helge Spieker', 1)"
"('Yubo Kou', 1)"
"('Xinning Gui', 1)"
"('Xiaofei Zhou', 1)"
"('Weiqing Liu', 1)"
"('Dong Zhou', 1)"
"('Jiang Bian', 1)"
"('Tie-Yan Liu', 1)"
"('Devam Dave', 1)"
"('Het Naik', 1)"
"('Smiti Singhal', 1)"
"('Pankesh Patel', 1)"
"('Bo Cowgill', 1)"
"(""Fabrizio Dell'Acqua"", 1)"
"('Sandra Matz', 1)"
"('Feicheng Ma', 1)"
"('Nina Grgić-Hlača', 1)"
"('Nils Köbis', 1)"
"('Christopher Starke', 1)"
"('Vincent Aleven', 1)"
"('Robert M. Williams', 1)"
"('Jie Gao', 1)"
"('Inga Strümke', 1)"
"('Marija Slavkovik', 1)"
"('Farhana Faruqe', 1)"
"('Larry Medsker', 1)"
"('Sher Badshah', 1)"
"('Bilal Khan', 1)"
"('Helen Bubinger', 1)"
"('Jesse David Dinneen', 1)"
"('Anne-Laure Ligozat', 1)"
"('Julien Lefèvre', 1)"
"('Aurélie Bugeau', 1)"
"('Jacques Combaz', 1)"
"('Christopher L. Dancy', 1)"
"('P. Khalil Saucier', 1)"
"('Orestis Papakyriakopoulos', 1)"
"('Amy Winecoff', 1)"
"('Klaudia Jaźwińska', 1)"
"('Tithi Chattopadhyay', 1)"
"('Hiro Taiyo Hamada', 1)"
"('Ryota Kanai', 1)"
"('Roozbeh Yousefzadeh', 1)"
"('Xuenan Cao', 1)"
"('Lara Riefle', 1)"
"('Nico Rosellen', 1)"
"('Maximilian Nitsche', 1)"
"('Marko Tesic', 1)"
"('Ulrike Hahn', 1)"
"('Thai Van Nguyen', 1)"
"('Xincheng Dai', 1)"
"('Ibrahim Khan', 1)"
"('Ruck Thawonmas', 1)"
"('Hai V. Pham', 1)"
"('Behrouz Zolfaghari', 1)"
"('Elnaz Rabieinejad', 1)"
"('Abbas Yazdinejad', 1)"
"('Reza M. Parizi', 1)"
"('Ali Dehghantanha', 1)"
"('Cheng-Chun Lee', 1)"
"('Tina Comes', 1)"
"('Megan Finn', 1)"
"('Ali Mostafavi', 1)"
"('Charlotte Siegmann', 1)"
"('André Holzapfel', 1)"
"('Petra Jääskeläinen', 1)"
"('Anna-Kaisa Kaila', 1)"
"('Navdeep Gill', 1)"
"('Abhishek Mathur', 1)"
"('Marcos V. Conde', 1)"
"('Arnault Pachot', 1)"
"('Céline Patissier', 1)"
"('Nabeel Gillani', 1)"
"('Rebecca Eynon', 1)"
"('Catherine Chiabaut', 1)"
"('Kelsey Finkel', 1)"
"('Jessica He', 1)"
"('Nikolos Gurney', 1)"
"('John H. Miller', 1)"
"('David V. Pynadath', 1)"
"('Weiyue Wu', 1)"
"('Elif Keles', 1)"
"('Ulas Bagci', 1)"
"('Kars Alfrink', 1)"
"('Ianus Keller', 1)"
"('Neelke Doorn', 1)"
"('Gerd Kortuem', 1)"
"('Paolo Bova', 1)"
"('Alessandro Di Stefano', 1)"
"('The Anh Han', 1)"
"('Minal Suresh Patil', 1)"
"('Kary Främling', 1)"
"('Anoop Mishra', 1)"
"('Gopinath Gangisetti', 1)"
"('Deepak Khazanchi', 1)"
"('Anka Reuel', 1)"
"('Alexis Carlier', 1)"
"('Zhen Bai', 1)"
"('Frances Judd', 1)"
"('Naomi Polinsky', 1)"
"('Elmira Yadollahi', 1)"
"('Markelle Kelly', 1)"
"('Aakriti Kumar', 1)"
"('Padhraic Smyth', 1)"
"('Mark Steyvers', 1)"
"('Deshendran Moodley', 1)"
"('Christopher Seebregts', 1)"
"('Risto Uuk', 1)"
"('Carlos Ignacio Gutierrez', 1)"
"('Alex Tamkin', 1)"
"('Friederike Rohde', 1)"
"('Josephin Wagner', 1)"
"('Andreas Meyer', 1)"
"('Philipp Reinhard', 1)"
"('Marcus Voss', 1)"
"('Ulrich Petschow', 1)"
"('Kexuan Xin', 1)"
"('Zequn Sun', 1)"
"('Wen Hua', 1)"
"('Bing Liu', 1)"
"('Jianfeng Qu', 1)"
"('Xiaofang Zhou', 1)"
"('Ruriko Yoshida', 1)"
"('Miguel de Prado', 1)"
"('Jing Su', 1)"
"('Rabia Saeed', 1)"
"('Lorenzo Keller', 1)"
"('Noelia Vallez', 1)"
"('Andrew Anderson', 1)"
"('David Gregg', 1)"
"('Luca Benini', 1)"
"('Tim Llewellynn', 1)"
"('Nabil Ouerhani', 1)"
"('Rozenn Dahyot and', 1)"
"('Nuria Pazos', 1)"
"('Joel Klinger', 1)"
"('Juan Mateos-Garcia', 1)"
"('Konstantinos Stathoulopoulos', 1)"
"('Shannon Egan', 1)"
"('Matti Pietikäinen', 1)"
"('Olli Silven', 1)"
"('Gonzalo Martínez', 1)"
"('Lauren Watson', 1)"
"('Pedro Reviriego', 1)"
"('José Alberto Hernández', 1)"
"('Marc Juarez', 1)"
"('Rik Sarkar', 1)"
"('Javier Del Ser', 1)"
"('Mark Coeckelbergh', 1)"
"('Marcos López de Prado', 1)"
"('Enrique Herrera-Viedma', 1)"
"('Joanna Bryson', 1)"
"('Victor do Nascimento Silva', 1)"
"('Luiz Chaimowicz', 1)"
"('Michael Cook', 1)"
"('Adam Summerville', 1)"
"('Simon Colton', 1)"
"('Joshua S. Gans', 1)"
"('Feng Liu', 1)"
"('Yong Shi', 1)"
"('Peijia Lia', 1)"
"('Guy Marshall', 1)"
"('André Freitas', 1)"
"('Boyang Zhang', 1)"
"('Risto Miikkulainen', 1)"
"('Bret Greenstein', 1)"
"('Babak Hodjat', 1)"
"('Jerry Smith', 1)"
"('Joel Lehman', 1)"
"('J. L. Olds', 1)"
"('M. S. Khan', 1)"
"('M. Nayebpour', 1)"
"('N. Koizumi', 1)"
"('Ibrahim Baggili', 1)"
"('Yukun Zhang', 1)"
"('Longsheng Zhou', 1)"
"('Aman Agarwal', 1)"
"('Shimon Edelman', 1)"
"('Mathias Unberath', 1)"
"('Kimia Ghobadi', 1)"
"('Scott Levin', 1)"
"('Jeremiah Hinson', 1)"
"('Gregory D Hager', 1)"
"('Frank Rudzicz', 1)"
"('Raeid Saqur', 1)"
"('Xavier Ferrer', 1)"
"('Tom van Nuenen', 1)"
"('Jose M. Such', 1)"
"('Mark Coté', 1)"
"('Natalia Criado', 1)"
"('Fatemeh Ganji', 1)"
"('Shahin Tajik', 1)"
"('Francois Roewer-Despres', 1)"
"('Janelle Berscheid', 1)"
"('Jirayus Jiarpakdee', 1)"
"('John Grundy', 1)"
"('Autumn Toney', 1)"
"('Ahmadreza Mosallanezhad', 1)"
"('Paras Sheth', 1)"
"('Dominik Seuß', 1)"
"('Sebastian Krügel', 1)"
"('Andreas Ostermaier', 1)"
"('Matthias Uhl', 1)"
"('Reuben Binns', 1)"
"('Reuben Kirkham', 1)"
"('C. Benzaid', 1)"
"('T. Taleb', 1)"
"('Yatao Li', 1)"
"('Harsh Panwar', 1)"
"('Mattias Brännström', 1)"
"('Chuyen Nguyen', 1)"
"('Caleb Morgan', 1)"
"('Sudip Mittal', 1)"
"('Michael Alan Chang', 1)"
"('Shiran Dudy', 1)"
"('Jannis Walk', 1)"
"('Sida Peng', 1)"
"('Eirini Kalliamvakou', 1)"
"('Mert Demirer', 1)"
"('Walid Maalej', 1)"
"('Yen Dieu Pham', 1)"
"('Larissa Chazette', 1)"
"('Evangelos Pournaras', 1)"
"('Ruth Aylett', 1)"
"('Frank Broz', 1)"
"('Barry Quinn', 1)"
"('Aditya Singhal', 1)"
"('Hasnaat Tanveer', 1)"
"('Vijay Mago', 1)"
"('Xudong Shen', 1)"
"('Hannah Brown', 1)"
"('Jiashu Tao', 1)"
"('Martin Strobel', 1)"
"('Yao Tong', 1)"
"('Akshay Narayan', 1)"
"('Harold Soh', 1)"
"('Victor Shih', 1)"
"('David C Jangraw', 1)"
"('Paul Sajda', 1)"
"('Sameer Saproo', 1)"
"('Hossein Azizpour', 1)"
"('Iolanda Leite', 1)"
"('Madeline Balaam', 1)"
"('Sami Domisch', 1)"
"('Anna Felländer', 1)"
"('Simone Langhans', 1)"
"('Max Tegmark', 1)"
"('Francesco Fuso Nerini', 1)"
"('Yi-Ching Huang', 1)"
"('Yu-Ting Cheng', 1)"
"('Lin-Lin Chen', 1)"
"('Jane Yung-jen Hsu', 1)"
"('Christian Berghoff', 1)"
"('Matthias Neu', 1)"
"('Arndt von Twickel', 1)"
"('Ivan A. Kuznetsov', 1)"
"('Andrey V. Kuznetsov', 1)"
"('Axel Wismüller', 1)"
"('Larry Stockmaster', 1)"
"('Charvi Rastogi', 1)"
"('Dennis Wei', 1)"
"('Amit Dhurandhar', 1)"
"('Richard Tomsett', 1)"
"('Hongbo Zou', 1)"
"('Guangjing Chen', 1)"
"('Pengtao Xie', 1)"
"('Sean Chen', 1)"
"('Yongtian He', 1)"
"('Hochih Huang', 1)"
"('Zheng Nie', 1)"
"('Hongbao Zhang', 1)"
"('Tristan Bala', 1)"
"('Kazi Tulip', 1)"
"('Yuqi Wang', 1)"
"('Shenlin Qin', 1)"
"('Eric P. Xing', 1)"
"('Jessica Morley', 1)"
"('Anat Elhalal', 1)"
"('Francesca Garcia', 1)"
"('Libby Kinsey', 1)"
"('Jose M. Font', 1)"
"('Tobias Mahlmann', 1)"
"('Krishnaprasad Thirunarayan', 1)"
"('Nathan J. McNeese', 1)"
"('Beau G. Schelble', 1)"
"('Lorenzo Barberis Canonico', 1)"
"('Mustafa Demir', 1)"
"('Keyur Faldu', 1)"
"('Mudit Verma', 1)"
"('Yantian Zha', 1)"
"('Lin Guan', 1)"
"('Roger Creus Castanyer', 1)"
"('Tannan Xiao', 1)"
"('Ying Chen', 1)"
"('Jianquan Wang', 1)"
"('Shaowei Huang', 1)"
"('Weilin Tong', 1)"
"('Tirui He', 1)"
"('Siqi Cao', 1)"
"('Di Fu', 1)"
"('Xu Yang', 1)"
"('Stefan Wermter', 1)"
"('Xun Liu', 1)"
"('Haiyan Wu', 1)"
"('Deyun Lyu', 1)"
"('Zhenya Zhang', 1)"
"('Tianyi Zhang', 1)"
"('Shivam Gupta', 1)"
"('Auriol Degbelo', 1)"
"('Max W. Shen', 1)"
"('Amy A. Winecoff', 1)"
"('Hyesun Choung', 1)"
"('Prabu David', 1)"
"('Arun Ross', 1)"
"('Rui Ma', 1)"
"('Evangelos Georganas', 1)"
"('Alexander Heinecke', 1)"
"('Andrew Boutros', 1)"
"('Eriko Nurvitadhi', 1)"
"('S. Shyam Sundar', 1)"
"('Eva Memmel', 1)"
"('Clara Menzen', 1)"
"('Jetze Schuurmans', 1)"
"('Frederiek Wesel', 1)"
"('Kim Batselier', 1)"
"('Roberto V. Zicari', 1)"
"('Julia Amann', 1)"
"('Frédérick Bruneault', 1)"
"('Megan Coffee', 1)"
"('Boris Düdder', 1)"
"('Eleanore Hickman', 1)"
"('Alessio Gallucci', 1)"
"('Irmhild van Halem', 1)"
"('Elisabeth Hildt', 1)"
"('Sune Holm', 1)"
"('Georgios Kararigas', 1)"
"('Pedro Kringen', 1)"
"('Emilie Wiinblad Mathez', 1)"
"('Jesmin Jahan Tithi', 1)"
"('Dennis Vetter', 1)"
"('Magnus Westerlund', 1)"
"('Renee Wurth', 1)"
"('Revathy Venkataraman', 1)"
"('Vedant Khandelwal', 1)"
"('Adnan Qayyum', 1)"
"('Muhammad Atif Butt', 1)"
"('Hassan Ali', 1)"
"('Muhammad Usman', 1)"
"('Osama Halabi', 1)"
"('Ala Al-Fuqaha', 1)"
"('Qammer H. Abbasi', 1)"
"('Muhammad Ali Imran', 1)"
"('Junaid Qadir', 1)"
"('Roba Alsaigh', 1)"
"('Rashid Mehmood', 1)"
"('Iyad Katib', 1)"
"('Rob Procter', 1)"
"('Peter Tolmie', 1)"
"('Mark Rouncefield', 1)"
"('D. Petkovic', 1)"
"('Gaole He', 1)"
"('Lucie Kuiper', 1)"
"('Ujwal Gadiraju', 1)"
"('Biplav Srivastava', 1)"
"('Kausik Lakkaraju', 1)"
"('Mariana Bernagozzi', 1)"
"('Marco Valtorta', 1)"
"('Michael Voessing', 1)"
"('Andrea Esposito', 1)"
"('Miriana Calvano', 1)"
"('Antonio Curci', 1)"
"('Giuseppe Desolda', 1)"
"('Rosa Lanzilotti', 1)"
"('Claudia Lorusso', 1)"
"('Antonio Piccinno', 1)"
"('Yiping Zuo', 1)"
"('Ning Gao', 1)"
"('Yongxu Zhu', 1)"
"('Kunihiro Miyazaki', 1)"
"('Taichi Murayama', 1)"
"('Takayuki Uchiba', 1)"
"('Jisun An', 1)"
"('Haewoon Kwak', 1)"
"('Mike Perkins', 1)"
"('Jasper Roe', 1)"
"('Darius Postma', 1)"
"('James McGaughran', 1)"
"('Don Hickerson', 1)"
"('Nicolas Scharowski', 1)"
"('Swen J. Kühne', 1)"
"('Léane Wettstein', 1)"
"('Florian Brühlmann', 1)"
"('Daga Panas', 1)"
"('Aylett Ruth', 1)"
"('Ashish Bastola', 1)"
"('Hao Wang', 1)"
"('Judsen Hembree', 1)"
"('Pooja Yadav', 1)"
"('Nathan McNeese', 1)"
"('Abolfazl Razi', 1)"
"('Mantas Mazeika', 1)"
"('A. Lazarian', 1)"
"('Chris-Andre Leimeister', 1)"
"('Thomas Dencker', 1)"
"('Burkhard Morgenstern', 1)"
"('Yue-Xun Li', 1)"
"('Tao Du', 1)"
"('Ariel S. Schwartz', 1)"
"('Eugene W. Myers', 1)"
"('Colin Dewey', 1)"
"('Kevin Woods', 1)"
"('Bernd Sturmfels', 1)"
"('Jeff Clune', 1)"
"('Pedro Casas', 1)"
"('Junjie Shen', 1)"
"('Ningfei Wang', 1)"
"('Ziwen Wan', 1)"
"('Yunpeng Luo', 1)"
"('Takami Sato', 1)"
"('Zhisheng Hu', 1)"
"('Xinyang Zhang', 1)"
"('Shengjian Guo', 1)"
"('Zhenyu Zhong', 1)"
"('Kang Li', 1)"
"('Ziming Zhao', 1)"
"('Chunming Qiao', 1)"
"('Qi Alfred Chen', 1)"
"('Kyung-Su Kim', 1)"
"('Ju Hwan Lee', 1)"
"('Seong Je Oh', 1)"
"('Myung Jin Chung', 1)"
"('Vagner Figueredo de Santana', 1)"
"('Larissa Monteiro Da Fonseca Galeno', 1)"
"('Emilio Vital Brazil', 1)"
"('Aliza Heching', 1)"
"('Renato Cerqueira', 1)"
"('Orion Penner', 1)"
"('Peter Grassberger', 1)"
"('Maya Paczuski', 1)"
"('Vipin Vijayan', 1)"
"('Tijana Milenkovic', 1)"
"('Somaye Hashemifar', 1)"
"('Qixing Huang', 1)"
"('Jinbo XU', 1)"
"('Daoyu Zhang', 1)"
"('Shuai Dong', 1)"
"('Kelvin C. K. Chan', 1)"
"('Xintao Wang', 1)"
"('Ke Yu', 1)"
"('Chao Dong', 1)"
"('Chen Change Loy', 1)"
"('Leitian Tao', 1)"
"('Zhenzhong Chen', 1)"
"('Chenze Shao', 1)"
"('Anindya Banerjee', 1)"
"('Ramana Nagasamudram', 1)"
"('David A. Naumann', 1)"
"('M. S. Väisälä', 1)"
"('J. Harju', 1)"
"('M. J. Mantere', 1)"
"('O. Miettinen', 1)"
"('R. S. Sault', 1)"
"('C. M. Walmsley', 1)"
"('J. B. Whiteoak', 1)"
"('Julius von Kügelgen', 1)"
"('Luigi Gresele', 1)"
"('Bernhard Schölkopf', 1)"
"('Muhammad Shaban', 1)"
"('Shan E Ahmed Raza', 1)"
"('Mariam Hassan', 1)"
"('Arif Jamshed', 1)"
"('Sajid Mushtaq', 1)"
"('Asif Loya', 1)"
"('Nikolaos Batis', 1)"
"('Jill Brooks', 1)"
"('Paul Nankivell', 1)"
"('Neil Sharma', 1)"
"('Max Robinson', 1)"
"('Hisham Mehanna', 1)"
"('Syed Ali Khurram', 1)"
"('Nasir Rajpoot', 1)"
"('Xuehui Wang', 1)"
"('Feng Shu', 1)"
"('Weiping Shi', 1)"
"('Xiaopeng Liang', 1)"
"('Rongen Dong', 1)"
"('Jiangzhou Wang', 1)"
"('Guangzhi Tang', 1)"
"('Neelesh Kumar', 1)"
"('Ioannis Polykretis', 1)"
"('Konstantinos P. Michmizos', 1)"
"('Aaron Baughman', 1)"
"('Micah Forester', 1)"
"('Jeff Powell', 1)"
"('Eduardo Morales', 1)"
"('Shaun McPartlin', 1)"
"('Daniel Bohm', 1)"
"('Zhiqiu Lin', 1)"
"('Jia Shi', 1)"
"('Deepak Pathak', 1)"
"('Deva Ramanan', 1)"
"('Jin Hao', 1)"
"('Jiaxiang Liu', 1)"
"('Jin Li', 1)"
"('Wei Pan', 1)"
"('Ruizhe Chen', 1)"
"('Huimin Xiong', 1)"
"('Kaiwei Sun', 1)"
"('Hangzheng Lin', 1)"
"('Wanlu Liu', 1)"
"('Wanghui Ding', 1)"
"('Jianfei Yang', 1)"
"('Haoji Hu', 1)"
"('Yueling Zhang', 1)"
"('Zeyu Zhao', 1)"
"('Huikai Wu', 1)"
"('Youyi Zheng', 1)"
"('Bing Fang', 1)"
"('Zuozhu Liu', 1)"
"('Zhihe Zhao', 1)"
"('Xiaomin Fang', 1)"
"('Fan Wang', 1)"
"('Lihang Liu', 1)"
"('Jingzhou He', 1)"
"('Dayong Lin', 1)"
"('Yingfei Xiang', 1)"
"('Xiaonan Zhang', 1)"
"('Hua Wu', 1)"
"('Hui Li', 1)"
"('Le Song', 1)"
"('Tarique Hussain', 1)"
"('Hamza Hussain', 1)"
"('Daniel Young', 1)"
"('Samir Sarikouch', 1)"
"('Thomas Pickhardt', 1)"
"('Gerald Greil', 1)"
"('Lennart Brocki', 1)"
"('Wistan Marchadour', 1)"
"('Jonas Maison', 1)"
"('Bogdan Badic', 1)"
"('Panagiotis Papadimitroulas', 1)"
"('Mathieu Hatt', 1)"
"('Franck Vermet', 1)"
"('Neo Christopher Chung', 1)"
"('Hehui Zheng', 1)"
"('Sebastian Pinzello', 1)"
"('Barnabas Gavin Cangan', 1)"
"('Thomas Buchner', 1)"
"('Robert K. Katzschmann', 1)"
"('Saša Brdnik', 1)"
"('Boštjan Šumak', 1)"
"('Vili Podgorelec', 1)"
"('Bingqian Lin', 1)"
"('Zicong Chen', 1)"
"('Mingjie Li', 1)"
"('Haokun Lin', 1)"
"('Hang Xu', 1)"
"('Yi Zhu', 1)"
"('Jianzhuang Liu', 1)"
"('Wenjia Cai', 1)"
"('Lei Yang', 1)"
"('Shen Zhao', 1)"
"('Chenfei Wu', 1)"
"('Ling Chen', 1)"
"('Xiaojun Chang', 1)"
"('Yi Yang', 1)"
"('Lei Xing', 1)"
"('Xiaodan Liang', 1)"
"('Steve Phelps', 1)"
"('Yvan I. Russell', 1)"
"('Palash Goyal', 1)"
"('Jwala Dhamala', 1)"
"('Zachary Jaggers', 1)"
"('Aram Galstyan', 1)"
"('Richard Zemel', 1)"
"('Rahul Gupta', 1)"
"('Zhengyu Huang', 1)"
"('Haoran Xie', 1)"
"('Tsukasa Fukusato', 1)"
"('Kazunori Miyata', 1)"
"('Jeffrey Georgeson', 1)"
"('Christopher Child', 1)"
"('M. S. Spellchecker', 1)"
"('Mark Muraven', 1)"
"('Fabio Massimo Zanzotto', 1)"
"('Brad Carlile', 1)"
"('Akiko Marti', 1)"
"('Guy Delamarter', 1)"
"('Matthew Guzdial', 1)"
"('Nicholas Liao', 1)"
"('Jonathan Chen', 1)"
"('Shao-Yu Chen', 1)"
"('Shukan Shah', 1)"
"('Vishwa Shah', 1)"
"('Joshua Reno', 1)"
"('Gillian Smith', 1)"
"('George Cevora', 1)"
"('Neha Soni', 1)"
"('Enakshi Khular Sharma', 1)"
"('Narotam Singh', 1)"
"('Amita Kapoor', 1)"
"('Philip Feldman', 1)"
"('Aaron Dant', 1)"
"('Aaron Massey', 1)"
"('Li Hui', 1)"
"('Vidushi Marda', 1)"
"('Ben Wagner', 1)"
"('Saskia Witteborn', 1)"
"('P. Santhanam', 1)"
"('Eitan Farchi', 1)"
"('Victor Pankratius', 1)"
"('P. M. Krafft', 1)"
"('Meg Young', 1)"
"('Michael Katell', 1)"
"('Karen Huang', 1)"
"('Ghislain Bugingo', 1)"
"('Yongwei Yang', 1)"
"('Courtney Heldreth', 1)"
"('Aaron Sedley', 1)"
"('Andreas Kramm', 1)"
"('David T. Newman', 1)"
"('Andrew Perrault', 1)"
"('Fei Fang', 1)"
"('Arunesh Sinha', 1)"
"('Milind Tambe', 1)"
"('Haydn Belfield', 1)"
"('Duncan McElfresh', 1)"
"('Sandeep Kumar Singh', 1)"
"('Frank Heymann', 1)"
"('Lionel P. Robert', 1)"
"('Casey Pierce', 1)"
"('Liz Morris', 1)"
"('Sangmi Kim', 1)"
"('Philipp Lüthi', 1)"
"('Thibault Gagnaux', 1)"
"('Marcel Gygli', 1)"
"('Haizi Yu', 1)"
"('Heinrich Taube', 1)"
"('James A. Evans', 1)"
"('Lav R. Varshney', 1)"
"('Mirka Snyder Caron', 1)"
"('Niloofar Shadab', 1)"
"('Alejandro Salado', 1)"
"('Andrew J. Lohn', 1)"
"('Ana Salta', 1)"
"('Rui Prada', 1)"
"(""Artur d'Avila Garcez"", 1)"
"('Luis C. Lamb', 1)"
"('Johan Aronsson', 1)"
"('Philip Lu', 1)"
"('Daniel Strüber', 1)"
"('Thorsten Berger', 1)"
"('Mohammad Reza Davahli', 1)"
"('Emmanuel Adetiba', 1)"
"('Temitope John', 1)"
"('Adekunle Akinrinmade', 1)"
"('Funmilayo Moninuola', 1)"
"('Oladipupo Akintade', 1)"
"('Joke Badejo', 1)"
"('Zachary Terner', 1)"
"('Angelina Wang', 1)"
"('Katie Seaborn', 1)"
"('Peter Pennefather', 1)"
"('Norihisa P. Miyake', 1)"
"('Mihoko Otake-Matsuura', 1)"
"('Saurabh Mishra', 1)"
"('Robert Koopman', 1)"
"('Giuditta De-Prato', 1)"
"('Anand Rao', 1)"
"('Israel Osorio-Rodarte', 1)"
"('Julie Kim', 1)"
"('Nikola Spatafora', 1)"
"('Keith Strier', 1)"
"('Andrea Zaccaria', 1)"
"('Shayan Doroudi', 1)"
"('Katya Klinova', 1)"
"('Mary Roszel', 1)"
"('Robert Norvill', 1)"
"('Jean Hilger', 1)"
"('Radu State', 1)"
"('Andrew Curtis', 1)"
"('Raphael Y. Cohen', 1)"
"('Aaron D. Sodickson', 1)"
"('Arkadiusz Sitek', 1)"
"('Sangtae Ahn', 1)"
"('Evren Asma', 1)"
"('Adam Chandler', 1)"
"('Alvin Ihsani', 1)"
"('Sven Prevrhal', 1)"
"('Kris Thielemans', 1)"
"('Sunder Ali Khowaja', 1)"
"('Kapal Dev', 1)"
"('Nawab Muhammad Faseeh Qureshi', 1)"
"('Parus Khuwaja', 1)"
"('Luca Foschini', 1)"
"('Susan von Struensee', 1)"
"('Ajay Kulkarni', 1)"
"('Stephanie Tena-Meza', 1)"
"('Miroslav Suzara', 1)"
"('AJ Alvero', 1)"
"('Yi Zhang', 1)"
"('Zhuoyue Lyu', 1)"
"('Feras A. Batarseh', 1)"
"('Aaron Yi Ding', 1)"
"('Ella Peltonen', 1)"
"('Tobias Meuser', 1)"
"('Atakan Aral', 1)"
"('Christian Becker', 1)"
"('Schahram Dustdar', 1)"
"('Thomas Hiessl', 1)"
"('Dieter Kranzlmuller', 1)"
"('Madhusanka Liyanage', 1)"
"('Setareh Magshudi', 1)"
"('Nitinder Mohan', 1)"
"('Joerg Ott', 1)"
"('Stefan Schulte', 1)"
"('Henning Schulzrinne', 1)"
"('Gurkan Solmaz', 1)"
"('Sasu Tarkoma', 1)"
"('Blesson Varghese', 1)"
"('Lars Wolf', 1)"
"('Wei Ye', 1)"
"('Francesco Bullo', 1)"
"('Noah Friedkin', 1)"
"('Ambuj K Singh', 1)"
"('Ryan Soklaski', 1)"
"('Michael Yee', 1)"
"('Jason Matterer', 1)"
"('P. M. A van Ooijen', 1)"
"('Erfan Darzidehkalani', 1)"
"('Andre Dekker', 1)"
"('Armin Moin', 1)"
"('Ukrit Wattanavaekin', 1)"
"('Alexandra Lungu', 1)"
"('Moharram Challenger', 1)"
"('Atta Badii', 1)"
"('Stephan Günnemann', 1)"
"('Newsha Emaminejad', 1)"
"('Alexa Maria North', 1)"
"('Reza Akhavian', 1)"
"('Valentina Golendukhina', 1)"
"('Valentina Lenarduzzi', 1)"
"('Tamara Zilovic', 1)"
"('Marissa Radensky', 1)"
"('Dustin Burson', 1)"
"('Rajya Bhaiya', 1)"
"('Alex Sheng', 1)"
"('Shankar Padmanabhan', 1)"
"('Daniel Zhang', 1)"
"('Nestor Maslej', 1)"
"('Erik Brynjolfsson', 1)"
"('John Etchemendy', 1)"
"('Terah Lyons', 1)"
"('James Manyika', 1)"
"('Helen Ngo', 1)"
"('Juan Carlos Niebles', 1)"
"('Michael Sellitto', 1)"
"('Ellie Sakhaee', 1)"
"('Yoav Shoham', 1)"
"('Raymond Perrault', 1)"
"('Yuri Nakao', 1)"
"('Lorenzo Strappelli', 1)"
"('Simone Stumpf', 1)"
"('Aisha Naseer', 1)"
"('Daniele Regoli', 1)"
"('Giulia Del Gamba', 1)"
"('Lachlan D. Urquhart', 1)"
"('Glenn McGarry', 1)"
"('Andy Crabtree', 1)"
"('Jane Im', 1)"
"('Colleen Seifert', 1)"
"('Eytan Adar', 1)"
"('Frederic Gmeiner', 1)"
"('Arash Bateni', 1)"
"('Matthew C. Chan', 1)"
"('Ray Eitel-Porter', 1)"
"('Jianlei Yang', 1)"
"('Xiaopeng Gao', 1)"
"('Weisheng Zhao', 1)"
"('Joseph Aylett-Bullock', 1)"
"('Shantenu Jha', 1)"
"('Vincent R. Pascuzzi', 1)"
"('Matteo Turilli', 1)"
"('Michael Hind', 1)"
"('Joseph Krajcik', 1)"
"('Neil Perry', 1)"
"('Megha Srivastava', 1)"
"('Deepak Kumar', 1)"
"('Dan Boneh', 1)"
"('M. Kuzlu', 1)"
"('F. O. Catak', 1)"
"('S. Sarp', 1)"
"('U. Cali', 1)"
"('O Gueler', 1)"
"('Tim Tianyi Yang', 1)"
"('Tom Tianze Yang', 1)"
"('Andrew Liu', 1)"
"('Jie Tang', 1)"
"('Na An', 1)"
"('Xue Liu', 1)"
"('Avik Roy', 1)"
"('Benjamin Tag', 1)"
"('Niels van Berkel', 1)"
"('Sunny Verma', 1)"
"('Benjamin Zi Hao Zhao', 1)"
"('Shlomo Berkovsky', 1)"
"('Dali Kaafar', 1)"
"('Vassilis Kostakos', 1)"
"('Olga Ohrimenko', 1)"
"('Will Yeadon', 1)"
"('Oto-Obong Inyang', 1)"
"('Arin Mizouri', 1)"
"('Alex Peach', 1)"
"('Craig Testrow', 1)"
"('Alexis Newton', 1)"
"('Kaustubh Dhole', 1)"
"('Jennifer Ding', 1)"
"('Christopher Akiki', 1)"
"('Yacine Jernite', 1)"
"('Anne Lee Steele', 1)"
"('Temi Popo', 1)"
"('Jaemarie Solyst', 1)"
"('Alexis Axon', 1)"
"('Angela E. B. Stewart', 1)"
"('Motahhare Eslami', 1)"
"('Amy Ogan', 1)"
"('Yi Ru Wang', 1)"
"('Jiafei Duan', 1)"
"('Sidharth Talia', 1)"
"('Hao Zhu', 1)"
"('Lin Zhang', 1)"
"('Donald J. Patterson', 1)"
"('Nanna Inie', 1)"
"('Jeanette Falk', 1)"
"('Steven Tanimoto', 1)"
"('Tzu-Sheng Kuo', 1)"
"('Hong Shen', 1)"
"('Jisoo Geum', 1)"
"('Nev Jones', 1)"
"('Soham Mehta', 1)"
"('Anderson Rogers', 1)"
"('Vagrant Gautam', 1)"
"('Gilbert Gee', 1)"
"('Sumita Sharma', 1)"
"('Netta Iivari', 1)"
"('Leena Ventä-Olkkonen', 1)"
"('Heidi Hartikainen', 1)"
"('Marianne Kinnula', 1)"
"('Ondrej Bohdal', 1)"
"('Timothy Hospedales', 1)"
"('Philip H. S. Torr', 1)"
"('Fazl Barez', 1)"
"('Yuhao Kang', 1)"
"('Qianheng Zhang', 1)"
"('Robert Roth', 1)"
"('Valentina Andries', 1)"
"('Judy Robertson', 1)"
"('Yiwen Ding', 1)"
"('Jiarui Liu', 1)"
"('Zhiheng Lyu', 1)"
"('Kun Zhang', 1)"
"('Bernhard Schoelkopf', 1)"
"('Zhijing Jin', 1)"
"('Rada Mihalcea', 1)"
"('Jinsub Lee', 1)"
"('Tae-Hyun Kim', 1)"
"('Sang-Hwan Jeon', 1)"
"('Sung-Hyun Park', 1)"
"('Sang-Hi Kim', 1)"
"('Eun-Ho Lee', 1)"
"('Jee-Hyong Lee', 1)"
"('Qianou Ma', 1)"
"('Kenneth Koedinger', 1)"
"('James Babcock', 1)"
"('Janos Kramar', 1)"
"('Yuzhong Chen', 1)"
"('Xiaowei Yu', 1)"
"('Tuo Zhang', 1)"
"('Xintao Hu', 1)"
"('Xi Jiang', 1)"
"('G. Maier', 1)"
"('Olle Häggström', 1)"
"('Gary Lea', 1)"
"('Nick DiSanto', 1)"
"('Ehsan Latif', 1)"
"('Matthew Nyaaba', 1)"
"('Xuansheng Wu', 1)"
"('Ari Allyn-Feuer', 1)"
"('Ted Sanders', 1)"
"('Shane Legg', 1)"
"('Ian Berlot-Attwell', 1)"
"('Mostafa Haghir Chehreghani', 1)"
"('Jin Sun', 1)"
"('Lilong Chai', 1)"
"('Haijian Sun', 1)"
"('Xianqiao Wang', 1)"
"('Rui Xu', 1)"
"('Daniel Petti', 1)"
"('Tyler Cody', 1)"
"('Soumil Rathi', 1)"
"('Yixuan Yuan', 1)"
"('Jun Liu', 1)"
"('Gang Li', 1)"
"('Pingkuan Yan', 1)"
"('Quanzheng Li', 1)"
"('Maxim Peterson', 1)"
"('Oleg Shcherbakov', 1)"
"('Innokentii Zhdanov', 1)"
"('Nikolai Skorobogatko', 1)"
"('Michaël Trazzi', 1)"
"('Jaehyun Park', 1)"
"('Jaegyun Im', 1)"
"('Sanha Hwang', 1)"
"('Mintaek Lim', 1)"
"('Sabina Ualibekova', 1)"
"('Sejin Kim', 1)"
"('Sundong Kim', 1)"
"('Hugo Latapie', 1)"
"('Ozkan Kilic', 1)"
"('David McCaffary', 1)"
"('Lennart Heim', 1)"
"('Emma Bluemke', 1)"
"('Nima Dehghani', 1)"
"('G Gordon Worley III', 1)"
"('Michael K Cohen', 1)"
"('Badri Vellambi', 1)"
"('Victor V. Senkevich', 1)"
"('Mohammad Ali Mohebpour', 1)"
"('Bohayra Mortazavi', 1)"
"('Xiaoying Zhuang', 1)"
"('Meysam Bagheri Tagani', 1)"
"('Richard Ngo', 1)"
"('Lawrence Chan', 1)"
"('Sören Mindermann', 1)"
"('Kevin A. Fischer', 1)"
"('Yingqiang Ge', 1)"
"('Wenyue Hua', 1)"
"('Kai Mei', 1)"
"('Jianchao Ji', 1)"
"('Juntao Tan', 1)"
"('Shuyuan Xu', 1)"
"('Zelong Li', 1)"
"('Yongfeng Zhang', 1)"
"('Xiaopeng Zhang', 1)"
"('Kaifeng Bi', 1)"
"('Xiaotao Gu', 1)"
"('Jianlong Chang', 1)"
"('Juexiao Zhou', 1)"
"('Xiuying Chen', 1)"
"('Deassy I. Novita', 1)"
"('P. Boolchand', 1)"
"('M. Malki', 1)"
"('M. Micoulaut', 1)"
"('Wojciech Skaba', 1)"
"('Vignav Ramesh', 1)"
"('Vladimir Podolskii', 1)"
"('Michael Hohensee', 1)"
"('Shau-Yu Lan', 1)"
"('Rachel Houtz', 1)"
"('Cheong Chan', 1)"
"('Brian Estey', 1)"
"('Geena Kim', 1)"
"('Pei-Chen Kuan', 1)"
"('Holger Mueller', 1)"
"('Yi Sun', 1)"
"('Faustino Gomez', 1)"
"('Juergen Schmidhuber', 1)"
"('J. Landgrebe', 1)"
"('B. Smith', 1)"
"('Andrzej Cichocki', 1)"
"('Alexander P. Kuleshov', 1)"
"('Juan Luengo-Márquez', 1)"
"('Luis G. MacDowell', 1)"
"('Yang Cai', 1)"
"('Tansu Alpcan', 1)"
"('Sarah M. Erfani', 1)"
"('Christopher Leckie', 1)"
"('Hao Feng', 1)"
"('M. Matsunami', 1)"
"('M. Oura', 1)"
"('K. Tamasaku', 1)"
"('T. Ishikawa', 1)"
"('S. Ideta', 1)"
"('K. Tanaka', 1)"
"('T. Takeuchi', 1)"
"('T. Yamada', 1)"
"('A. P. Tsai', 1)"
"('K. Imura', 1)"
"('K. Deguchi', 1)"
"('N. K. Sato', 1)"
"('T. Ishimasa', 1)"
"('Thomas M. Brenner', 1)"
"('Christian Gehrmann', 1)"
"('Roman Korobko', 1)"
"('Tsachi Livneh', 1)"
"('David A. Egger', 1)"
"('Omer Yaffe', 1)"
"('Alex James', 1)"
"('Shimon Komarovsky', 1)"
"('Hiroshi Yamakawa', 1)"
"('Sultan J. Majeed', 1)"
"('Bowen Xu', 1)"
"('Quansheng Ren', 1)"
"('Chaoning Zhang', 1)"
"('Chenshuang Zhang', 1)"
"('Chenghao Li', 1)"
"('Yu Qiao', 1)"
"('Sheng Zheng', 1)"
"('Sumit Kumar Dam', 1)"
"('Mengchun Zhang', 1)"
"('Jung Uk Kim', 1)"
"('Seong Tae Kim', 1)"
"('Jinwoo Choi', 1)"
"('Gyeong-Moon Park', 1)"
"('Sung-Ho Bae', 1)"
"('Lik-Hang Lee', 1)"
"('In So Kweon', 1)"
"('Choong Seon Hong', 1)"
"('Catherine Recanati', 1)"
"('John H. Seago', 1)"
"('Robert L. Seaman', 1)"
"('Steven L. Allen', 1)"
"('Alex Bombrun', 1)"
"('Lennart Lindegren', 1)"
"('David Hobbs', 1)"
"('Berry Holl', 1)"
"('Uwe Lammers', 1)"
"('Ulrich Bastian', 1)"
"('Mayank Daswani', 1)"
"('Jan Leike', 1)"
"('Douglas Summers-Stay', 1)"
"('Naoya Arakawa', 1)"
"('Yoshihiro Maruyama', 1)"
"('Brandon C. Wood', 1)"
"('Nicola Marzari', 1)"
"('Pedro A. Ortega', 1)"
"('Daniel A. Braun', 1)"
"('Tom Schaul', 1)"
"('Jürgen Schmidhuber', 1)"
"('Arthur Franz', 1)"
"('Yoshihito Tanaka', 1)"
"('Frank Wolter', 1)"
"('Jason M. Pittman', 1)"
"('Courtney Crosby', 1)"
"('Giacomo Spigler', 1)"
"('Michael Emmerich', 1)"
"('Aske Plaat', 1)"
"('Rafik Hadfi', 1)"
"('Sky Croeser', 1)"
"('Christopher Hampson', 1)"
"('Sergio Marcelino', 1)"
"('Xin Su', 1)"
"('Shangqi Guo', 1)"
"('Feng Chen', 1)"
"('John-Clark Levin', 1)"
"('Matthijs M. Maas', 1)"
"('Hao Lu', 1)"
"('Quanming Xu', 1)"
"('Chaohong Wang', 1)"
"('Jianyang Wu', 1)"
"('Rongdun Hong', 1)"
"('Xiang-Yang Liu', 1)"
"('Zhisen Zhang', 1)"
"('Vladislav Ryzhikov', 1)"
"('Yury Savateev', 1)"
"('Nanyi Fei', 1)"
"('Zhiwu Lu', 1)"
"('Yizhao Gao', 1)"
"('Guoxing Yang', 1)"
"('Yuqi Huo', 1)"
"('Jingyuan Wen', 1)"
"('Haoyu Lu', 1)"
"('Ruihua Song', 1)"
"('Tao Xiang', 1)"
"('Hao Sun', 1)"
